Source,SpecimenID,Location,Day,Month,Year,A or B egg,Length (mm),Breadth (mm),Volume,Reference,Column1,_1,_2,_3,_4
Ditsong,unknown,Nightingale,NA,9,1945,U,31,26.5,11,Roberts 1948,,,,,
Ditsong,unknown,Nightingale,NA,9,1945,U,39,32,20.2,Roberts 1948,,,,,
Ditsong,unknown,Nightingale,NA,9,1945,U,40,36,26.3,Roberts 1948,,,,,
Ditsong,unknown,Nightingale,NA,9,1945,U,50.2,38,36.8,Roberts 1948,,,,,
Ditsong,unknown,Nightingale,NA,9,1945,U,58,45.3,60.3,Roberts 1948,,,,,
Ditsong,unknown,Nightingale,NA,9,1945,U,71.5,53,101.8,Roberts 1948,,,,,
Ditsong,unknown,Nightingale,NA,9,1945,U,70.5,54.5,106.2,Roberts 1948,,,,,
Ditsong,unknown,Nightingale,NA,9,1945,U,72,53,102.5,Roberts 1948,,,,,
Durban,34465,Tristan,8,9,1950,A,65.9,48.5,78.6,,,,,,
Durban,34466,Tristan,15,11,1950,A,66.9,53,95.3,,,,,,
Durban,34465,Tristan,8,9,1950,B,61,43.3,58,,,,,,
Durban,34466,Tristan,15,11,1950,B,65.6,53.7,95.9,,,,,,
Durban,34465,Tristan,8,9,1950,A,58.7,44.8,59.7,,,,,,
Durban,34466,Tristan,15,11,1950,A,59,49.5,73.3,,,,,,
Naturalis,RMNH 185838,Tristan,16,9,1924,A,59.5,47.2,67.1,measured by Pepijn Kamminga,,,,,
Naturalis,RMNH 185838,Tristan,16,9,1924,B,61.8,49.8,77.8,measured by Pepijn Kamminga,,,,,
NHMUK,1880.12.3.210-215 / 9,Inaccessible,16,10,1873,U,61.3,48,71.6,,,,,,
NHMUK,1880.12.3.210-215 / 11,Inaccessible,16,10,1873,U,60.5,49.8,76.1,,,,,,
NHMUK,1880.12.3.210-215 / 10,Inaccessible,16,10,1873,U,62.5,49.2,76.7,,,,,,
NHMUK,1880.12.3.210-215 / 13,Inaccessible,16,10,1873,U,63.8,47.6,73.3,,,,,,
NHMUK,1880.12.3.210-215 / 12,Inaccessible,16,10,1873,U,64.6,49.5,80.3,,,,,,
NHMUK,1880.12.3.210-215 / 8,Inaccessible,16,10,1873,U,64.8,50.6,84.1,,,,,,
NHMUK,1979.14.2,Tristan,NA,NA,1919,U,64.3,50.2,82.2,,,,,,
NHMUK,1922.12.21.16,Tristan,NA,NA,1921,U,69.4,55.3,107.6,,,,,,
NHMUK,1927.10.20 / 5,Inaccessible,NA,NA,1922,U,57.1,45.7,60.5,,,,,,
NHMUK,1927.10.20 / 6,Inaccessible,NA,NA,1922,U,57.3,46.7,63.4,,,,,,
NHMUK,1927.10.20 / 4,Inaccessible,NA,NA,1922,U,73.1,55.6,114.6,,,,,,
NHMUK,1952.7.815,Nightingale,NA,NA,1936,U,71.5,52.6,100.3,,,,,,
NHMUK,1953.4.2 / 67,Nightingale,14,9,1950,U,48,35.8,31.2,,,,,,
NHMUK,1953.4.5 / 16,Nightingale,20,9,1950,U,60.3,47.5,69,,,,,,
NHMUK,1953.4.5 / 14,Nightingale,20,9,1950,U,71,55.8,112.1,,,,,,
NHMUK,1953.4.5 / 13,Nightingale,20,9,1950,U,72.3,55.4,112.5,,,,,,
NHMUK,1953.4.3 / 54,Nightingale,16,9,1951,U,37,29.1,15.9,,,,,,
NHMUK,1953.4.4 / 135,Nightingale,18,9,1951,U,35.2,33.5,20,,,,,,
NHMUK,1953.4.3 / 62,Nightingale,16,9,1951,U,41,34,24,,,,,,
NHMUK,1953.4.3 / 86,Nightingale,16,9,1951,U,46.4,36.5,31.3,,,,,,
NHMUK,1953.4.4 / 134,Nightingale,18,9,1951,U,46.5,39.5,36.8,,,,,,
NHMUK,1953.4.1 / 142,Nightingale,21,9,1951,U,57.6,46,61.8,,,,,,
NHMUK,1953.4.6 / 138,Nightingale,18,9,1951,U,57.4,46.8,63.7,,,,,,
NHMUK,1953.4.1 / 155,Nightingale,21,9,1951,U,60.5,47.3,68.6,,,,,,
NHMUK,1953.4.6 / 139,Nightingale,18,9,1951,U,62.4,45.6,65.8,,,,,,
NHMUK,1953.4.6 / 140,Nightingale,18,9,1951,U,61.1,48.5,72.9,,,,,,
NHMUK,1953.4.1 / 154,Nightingale,21,9,1951,U,59.9,50.7,78.1,,,,,,
NHMUK,1953.4.1 / 156,Nightingale,21,9,1951,U,61.2,49.2,75.1,,,,,,
NHMUK,1953.4.4 / 137,Nightingale,18,9,1951,U,66.5,42.4,60.6,,,,,,
NHMUK,1953.4.1 / 141,Nightingale,21,9,1951,U,69.1,54.4,103.7,,,,,,
NMSE,1972.5.12,Inaccessible,NA,NA,1873,U,63.4,49.9,80,,,,,,
NMSE,1972.5.12,Inaccessible,NA,NA,1873,U,68.4,53,97.4,,,,,,
NMSE,1882.4.3,Inaccessible,NA,NA,1873,U,69.3,55,106.3,,,,,,
NMSE,1972.5.12,Inaccessible,NA,NA,1873,U,70.9,55.7,111.5,,,,,,
NMSE,1882.4.3,Inaccessible,NA,NA,1873,U,71.6,55,109.8,,,,,,
NMSE,1975.9.36,Nightingale,NA,NA,1972,U,58.3,48,68.1,,,,,,
NMSE,1975.9.36,Nightingale,NA,NA,1972,U,68.4,51,90.2,,,,,,
NMSE,1975.9.36,Nightingale,NA,NA,1972,U,68.9,54.6,104.1,,,,,,
NMSE,1975.9.33,Nightingale,NA,NA,1973,U,58.2,44.3,57.9,,,,,,
NMSE,1975.9.31,Tristan,NA,NA,1973,U,60.6,48.2,71.4,,,,,,
NMSE,1975.9.31,Tristan,NA,NA,1973,U,61.4,48.8,74.1,,,,,,
NMSE,1975.9.33,Nightingale,NA,NA,1973,U,63.5,46.6,69.9,,,,,,
NMSE,1975.9.32,Tristan,NA,NA,1973,U,63.8,47.8,73.9,,,,,,
NMSE,1975.9.32,Tristan,NA,NA,1973,U,64.6,47,72.3,,,,,,
NMSE,1975.9.32,Tristan,NA,NA,1973,U,70.2,55.2,108.4,,,,,,
NMSE,1975.9.33,Nightingale,NA,NA,1973,U,74.6,58.3,128.6,,,,,,
Peter Ryan,Ryan 128,Nightingale,NA,NA,1999,U,46.8,53.1,66.9,Harvested eggs,,,,,
Peter Ryan,Ryan 7,Nightingale,NA,NA,1999,U,56.7,42.5,51.9,Known clutches,,,,,
Peter Ryan,Ryan 28,Nightingale,NA,NA,1999,U,54,47.9,62.8,Known clutches,,,,,
Peter Ryan,Ryan 22,Nightingale,NA,NA,1999,U,56.7,45.2,58.7,Known clutches,,,,,
Peter Ryan,Ryan 18,Nightingale,NA,NA,1999,U,57.6,44.5,57.8,Known clutches,,,,,
Peter Ryan,Ryan 144,Nightingale,NA,NA,1999,U,57.9,44.3,57.6,Harvested eggs,,,,,
Peter Ryan,Ryan 143,Nightingale,NA,NA,1999,U,58.4,44.4,58.4,Harvested eggs,,,,,
Peter Ryan,Ryan 142,Nightingale,NA,NA,1999,U,58.3,44.8,59.3,Harvested eggs,,,,,
Peter Ryan,Ryan 141,Nightingale,NA,NA,1999,U,58.6,44.8,59.6,Harvested eggs,,,,,
Peter Ryan,Ryan 139,Nightingale,NA,NA,1999,U,58.9,44.9,60.2,Harvested eggs,,,,,
Peter Ryan,Ryan 13,Nightingale,NA,NA,1999,U,59.2,44.5,59.4,Known clutches,,,,,
Peter Ryan,Ryan 130,Nightingale,NA,NA,1999,U,57.1,47.7,65.9,Harvested eggs,,,,,
Peter Ryan,Ryan 17,Nightingale,NA,NA,1999,U,58.4,46,62.7,Known clutches,,,,,
Peter Ryan,Ryan 134,Nightingale,NA,NA,1999,U,57.7,47.1,64.9,Harvested eggs,,,,,
Peter Ryan,Ryan 140,Nightingale,NA,NA,1999,U,59.5,44.6,60,Harvested eggs,,,,,
Peter Ryan,Ryan 19,Nightingale,NA,NA,1999,U,59.7,45.7,63.2,Known clutches,,,,,
Peter Ryan,Ryan 137,Nightingale,NA,NA,1999,U,59.9,45.7,63.4,Harvested eggs,,,,,
Peter Ryan,Ryan 131,Nightingale,NA,NA,1999,U,59.2,46.8,65.7,Harvested eggs,,,,,
Peter Ryan,Ryan 138,Nightingale,NA,NA,1999,U,60.1,45.5,63.1,Harvested eggs,,,,,
Peter Ryan,Ryan 136,Nightingale,NA,NA,1999,U,60.2,45.7,63.7,Harvested eggs,,,,,
Peter Ryan,Ryan 29,Nightingale,NA,NA,1999,U,60.9,45.2,63.1,Known clutches,,,,,
Peter Ryan,Ryan 132,Nightingale,NA,NA,1999,U,60.3,46.3,65.5,Harvested eggs,,,,,
Peter Ryan,Ryan 133,Nightingale,NA,NA,1999,U,60.4,46.2,65.4,Harvested eggs,,,,,
Peter Ryan,Ryan 25,Nightingale,NA,NA,1999,U,61.3,45.3,63.8,Known clutches,,,,,
Peter Ryan,Ryan 5,Nightingale,NA,NA,1999,U,61,46.1,65.7,Known clutches,,,,,
Peter Ryan,Ryan 126,Nightingale,NA,NA,1999,U,60.7,46.7,67.1,Harvested eggs,,,,,
Peter Ryan,Ryan 8,Nightingale,NA,NA,1999,U,60.7,46.7,67.1,Known clutches,,,,,
Peter Ryan,Ryan 123,Nightingale,NA,NA,1999,U,59.9,47.9,69.7,Harvested eggs,,,,,
Peter Ryan,Ryan 127,Nightingale,NA,NA,1999,U,60.8,46.6,66.9,Harvested eggs,,,,,
Peter Ryan,Ryan 121,Nightingale,NA,NA,1999,U,60,48,70.1,Harvested eggs,,,,,
Peter Ryan,Ryan 120,Nightingale,NA,NA,1999,U,60.4,48,70.6,Harvested eggs,,,,,
Peter Ryan,Ryan 24,Nightingale,NA,NA,1999,U,60.1,48.6,72,Known clutches,,,,,
Peter Ryan,Ryan 135,Nightingale,NA,NA,1999,U,62.7,44.9,64.1,Harvested eggs,,,,,
Peter Ryan,Ryan 125,Nightingale,NA,NA,1999,U,61.7,46.5,67.6,Harvested eggs,,,,,
Peter Ryan,Ryan 119,Nightingale,NA,NA,1999,U,61,47.8,70.7,Harvested eggs,,,,,
Peter Ryan,Ryan 3,Nightingale,NA,NA,1999,U,61,48,71.3,Known clutches,,,,,
Peter Ryan,Ryan 6,Nightingale,NA,NA,1999,U,63.7,44,62.5,Known clutches,,,,,
Peter Ryan,Ryan 122,Nightingale,NA,NA,1999,U,61.5,47.3,69.8,Harvested eggs,,,,,
Peter Ryan,Ryan 9,Nightingale,NA,NA,1999,U,61.3,47.7,70.7,Known clutches,,,,,
Peter Ryan,Ryan 117,Nightingale,NA,NA,1999,U,61.2,48.2,72.1,Harvested eggs,,,,,
Peter Ryan,Ryan 118,Nightingale,NA,NA,1999,U,61.5,47.9,71.5,Harvested eggs,,,,,
Peter Ryan,Ryan 124,Nightingale,NA,NA,1999,U,62.5,46.5,68.5,Harvested eggs,,,,,
Peter Ryan,Ryan 11,Nightingale,NA,NA,1999,U,62.4,46.8,69.3,Known clutches,,,,,
Peter Ryan,Ryan 113,Nightingale,NA,NA,1999,U,61.6,48.8,74.4,Harvested eggs,,,,,
Peter Ryan,Ryan 129,Nightingale,NA,NA,1999,U,64,45.3,66.6,Harvested eggs,,,,,
Peter Ryan,Ryan 26,Nightingale,NA,NA,1999,U,63.5,46.1,68.4,Known clutches,,,,,
Peter Ryan,Ryan 111,Nightingale,NA,NA,1999,U,61.7,49,75.1,Harvested eggs,,,,,
Peter Ryan,Ryan 12,Nightingale,NA,NA,1999,U,62.9,48.3,74.4,Known clutches,,,,,
Peter Ryan,Ryan 16,Nightingale,NA,NA,1999,U,63.7,47.4,72.6,Known clutches,,,,,
Peter Ryan,Ryan 107,Nightingale,NA,NA,1999,U,62.4,49.4,77.2,Harvested eggs,,,,,
Peter Ryan,Ryan 23,Nightingale,NA,NA,1999,U,63.4,48.1,74.4,Known clutches,,,,,
Peter Ryan,Ryan 112,Nightingale,NA,NA,1999,U,63.2,48.4,75.1,Harvested eggs,,,,,
Peter Ryan,Ryan 21,Nightingale,NA,NA,1999,U,64.1,47.3,72.7,Known clutches,,,,,
Peter Ryan,Ryan 116,Nightingale,NA,NA,1999,U,64.2,47.4,73.1,Harvested eggs,,,,,
Peter Ryan,Ryan 110,Nightingale,NA,NA,1999,U,63.4,48.6,75.9,Harvested eggs,,,,,
Peter Ryan,Ryan 115,Nightingale,NA,NA,1999,U,64.2,47.6,73.7,Harvested eggs,,,,,
Peter Ryan,Ryan 109,Nightingale,NA,NA,1999,U,63.4,48.9,76.9,Harvested eggs,,,,,
Peter Ryan,Ryan 4,Nightingale,NA,NA,1999,U,63.7,48.5,76,Known clutches,,,,,
Peter Ryan,Ryan 106,Nightingale,NA,NA,1999,U,64.1,49,78,Harvested eggs,,,,,
Peter Ryan,Ryan 14,Nightingale,NA,NA,1999,U,63.7,49.7,79.8,Known clutches,,,,,
Peter Ryan,Ryan 108,Nightingale,NA,NA,1999,U,64.7,48.5,77.2,Harvested eggs,,,,,
Peter Ryan,Ryan 31,Nightingale,NA,NA,1999,U,64.8,48.4,77,Known clutches,,,,,
Peter Ryan,Ryan 103,Nightingale,NA,NA,1999,U,64.1,49.6,80,Harvested eggs,,,,,
Peter Ryan,Ryan 100,Nightingale,NA,NA,1999,U,63.3,51.2,84.1,Harvested eggs,,,,,
Peter Ryan,Ryan 104,Nightingale,NA,NA,1999,U,64.7,49.3,79.7,Harvested eggs,,,,,
Peter Ryan,Ryan 10,Nightingale,NA,NA,1999,U,67,46,71.9,Known clutches,,,,,
Peter Ryan,Ryan 27,Nightingale,NA,NA,1999,U,64.3,50.4,82.8,Known clutches,,,,,
Peter Ryan,Ryan 105,Nightingale,NA,NA,1999,U,65.6,48.7,78.9,Harvested eggs,,,,,
Peter Ryan,Ryan 2,Nightingale,NA,NA,1999,U,65.9,48.4,78.3,Known clutches,,,,,
Peter Ryan,Ryan 114,Nightingale,NA,NA,1999,U,67.2,46.7,74.3,Harvested eggs,,,,,
Peter Ryan,Ryan 1,Nightingale,NA,NA,1999,U,66.6,49,81.1,Known clutches,,,,,
Peter Ryan,Ryan 102,Nightingale,NA,NA,1999,U,66.9,48.7,80.4,Harvested eggs,,,,,
Peter Ryan,Ryan 92,Nightingale,NA,NA,1999,U,64.9,52,89,Harvested eggs,,,,,
Peter Ryan,Ryan 101,Nightingale,NA,NA,1999,U,66.6,49.5,82.7,Harvested eggs,,,,,
Peter Ryan,Ryan 96,Nightingale,NA,NA,1999,U,65.6,51,86.5,Harvested eggs,,,,,
Peter Ryan,Ryan 7,Nightingale,NA,NA,1999,U,66.6,49.8,83.7,Known clutches,,,,,
Peter Ryan,Ryan 90,Nightingale,NA,NA,1999,U,64.9,52.4,90.3,Harvested eggs,,,,,
Peter Ryan,Ryan 13,Nightingale,NA,NA,1999,U,66.2,51,87.3,Known clutches,,,,,
Peter Ryan,Ryan 99,Nightingale,NA,NA,1999,U,67.1,49.8,84.4,Harvested eggs,,,,,
Peter Ryan,Ryan 5,Nightingale,NA,NA,1999,U,66.1,51.4,88.5,Known clutches,,,,,
Peter Ryan,Ryan 20,Nightingale,NA,NA,1999,U,65.2,53,92.9,Known clutches,,,,,
Peter Ryan,Ryan 26,Nightingale,NA,NA,1999,U,67.3,50,85.3,Known clutches,,,,,
Peter Ryan,Ryan 89,Nightingale,NA,NA,1999,U,66,52,90.5,Harvested eggs,,,,,
Peter Ryan,Ryan 94,Nightingale,NA,NA,1999,U,66.9,50.9,87.9,Harvested eggs,,,,,
Peter Ryan,Ryan 29,Nightingale,NA,NA,1999,U,66.3,51.8,90.2,Known clutches,,,,,
Peter Ryan,Ryan 98,Nightingale,NA,NA,1999,U,67.6,50.1,86,Harvested eggs,,,,,
Peter Ryan,Ryan 84,Nightingale,NA,NA,1999,U,65.8,53.1,94.1,Harvested eggs,,,,,
Peter Ryan,Ryan 97,Nightingale,NA,NA,1999,U,68.2,50,86.4,Harvested eggs,,,,,
Peter Ryan,Ryan 15,Nightingale,NA,NA,1999,U,66.2,53,94.3,Known clutches,,,,,
Peter Ryan,Ryan 81,Nightingale,NA,NA,1999,U,65.9,53.6,96,Harvested eggs,,,,,
Peter Ryan,Ryan 75,Nightingale,NA,NA,1999,U,65.7,54,97.1,Harvested eggs,,,,,
Peter Ryan,Ryan 85,Nightingale,NA,NA,1999,U,66.7,52.7,93.9,Harvested eggs,,,,,
Peter Ryan,Ryan 95,Nightingale,NA,NA,1999,U,68.6,49.9,86.6,Harvested eggs,,,,,
Peter Ryan,Ryan 82,Nightingale,NA,NA,1999,U,66.4,53.2,95.3,Harvested eggs,,,,,
Peter Ryan,Ryan 80,Nightingale,NA,NA,1999,U,66.2,53.5,96.1,Harvested eggs,,,,,
Peter Ryan,Ryan 15,Nightingale,NA,NA,1999,U,69.3,49,84.4,Known clutches,,,,,
Peter Ryan,Ryan 93,Nightingale,NA,NA,1999,U,68.4,50.5,88.4,Harvested eggs,,,,,
Peter Ryan,Ryan 87,Nightingale,NA,NA,1999,U,67.4,52,92.4,Harvested eggs,,,,,
Peter Ryan,Ryan 17,Nightingale,NA,NA,1999,U,67.6,51.8,92,Known clutches,,,,,
Peter Ryan,Ryan 79,Nightingale,NA,NA,1999,U,66.7,53.3,96.1,Harvested eggs,,,,,
Peter Ryan,Ryan 25,Nightingale,NA,NA,1999,U,68.3,51.3,91.1,Known clutches,,,,,
Peter Ryan,Ryan 86,Nightingale,NA,NA,1999,U,68,51.8,92.5,Harvested eggs,,,,,
Peter Ryan,Ryan 19,Nightingale,NA,NA,1999,U,67.6,52.6,94.8,Known clutches,,,,,
Peter Ryan,Ryan 8,Nightingale,NA,NA,1999,U,66.8,53.8,98,Known clutches,,,,,
Peter Ryan,Ryan 55,Nightingale,NA,NA,1999,U,66.2,54.9,101.2,Harvested eggs,,,,,
Peter Ryan,Ryan 76,Nightingale,NA,NA,1999,U,67.4,53.2,96.7,Harvested eggs,,,,,
Peter Ryan,Ryan 70,Nightingale,NA,NA,1999,U,67.1,53.7,98.1,Harvested eggs,,,,,
Peter Ryan,Ryan 68,Nightingale,NA,NA,1999,U,67.1,53.8,98.5,Harvested eggs,,,,,
Peter Ryan,Ryan 49,Nightingale,NA,NA,1999,U,66.3,55.1,102.1,Harvested eggs,,,,,
Peter Ryan,Ryan 50,Nightingale,NA,NA,1999,U,66.4,55,101.8,Harvested eggs,,,,,
Peter Ryan,Ryan 91,Nightingale,NA,NA,1999,U,69.4,50.6,90.1,Harvested eggs,,,,,
Peter Ryan,Ryan 69,Nightingale,NA,NA,1999,U,67.5,53.6,98.3,Harvested eggs,,,,,
Peter Ryan,Ryan 3,Nightingale,NA,NA,1999,U,68.5,52.3,95,Known clutches,,,,,
Peter Ryan,Ryan 2,Nightingale,NA,NA,1999,U,68.1,52.9,96.6,Known clutches,,,,,
Peter Ryan,Ryan 63,Nightingale,NA,NA,1999,U,67.5,54,99.8,Harvested eggs,,,,,
Peter Ryan,Ryan 52,Nightingale,NA,NA,1999,U,67.1,54.6,101.4,Harvested eggs,,,,,
Peter Ryan,Ryan 65,Nightingale,NA,NA,1999,U,67.6,53.9,99.6,Harvested eggs,,,,,
Peter Ryan,Ryan 73,Nightingale,NA,NA,1999,U,68.3,53,97.3,Harvested eggs,,,,,
Peter Ryan,Ryan 60,Nightingale,NA,NA,1999,U,67.7,54.1,100.5,Harvested eggs,,,,,
Peter Ryan,Ryan 57,Nightingale,NA,NA,1999,U,67.7,54.2,100.8,Harvested eggs,,,,,
Peter Ryan,Ryan 74,Nightingale,NA,NA,1999,U,68.8,52.8,97.2,Harvested eggs,,,,,
Peter Ryan,Ryan 6,Nightingale,NA,NA,1999,U,71.2,49.4,88.1,Known clutches,,,,,
Peter Ryan,Ryan 64,Nightingale,NA,NA,1999,U,68.4,53.6,99.6,Harvested eggs,,,,,
Peter Ryan,Ryan 77,Nightingale,NA,NA,1999,U,69.3,52.4,96.5,Harvested eggs,,,,,
Peter Ryan,Ryan 78,Nightingale,NA,NA,1999,U,69.3,52.4,96.5,Harvested eggs,,,,,
Peter Ryan,Ryan 22,Nightingale,NA,NA,1999,U,68.8,53.2,98.7,Known clutches,,,,,
Peter Ryan,Ryan 72,Nightingale,NA,NA,1999,U,69.1,52.8,97.7,Harvested eggs,,,,,
Peter Ryan,Ryan 9,Nightingale,NA,NA,1999,U,67.9,54.6,102.6,Known clutches,,,,,
Peter Ryan,Ryan 83,Nightingale,NA,NA,1999,U,69.9,51.8,95.1,Harvested eggs,,,,,
Peter Ryan,Ryan 88,Nightingale,NA,NA,1999,U,70.7,50.7,92.1,Harvested eggs,,,,,
Peter Ryan,Ryan 53,Nightingale,NA,NA,1999,U,68.5,54,101.3,Harvested eggs,,,,,
Peter Ryan,Ryan 67,Nightingale,NA,NA,1999,U,69.2,53,98.6,Harvested eggs,,,,,
Peter Ryan,Ryan 31,Nightingale,NA,NA,1999,U,70.5,51.1,93.3,Known clutches,,,,,
Peter Ryan,Ryan 27,Nightingale,NA,NA,1999,U,67.9,55,104.1,Known clutches,,,,,
Peter Ryan,Ryan 61,Nightingale,NA,NA,1999,U,69,53.5,100.1,Harvested eggs,,,,,
Peter Ryan,Ryan 71,Nightingale,NA,NA,1999,U,69.7,52.6,97.8,Harvested eggs,,,,,
Peter Ryan,Ryan 20,Nightingale,NA,NA,1999,U,69.1,53.7,101,Known clutches,,,,,
Peter Ryan,Ryan 58,Nightingale,NA,NA,1999,U,69.2,53.6,100.8,Harvested eggs,,,,,
Peter Ryan,Ryan 59,Nightingale,NA,NA,1999,U,69.3,53.5,100.6,Harvested eggs,,,,,
Peter Ryan,Ryan 28,Nightingale,NA,NA,1999,U,69.9,52.7,98.4,Known clutches,,,,,
Peter Ryan,Ryan 62,Nightingale,NA,NA,1999,U,69.5,53.3,100.1,Harvested eggs,,,,,
Peter Ryan,Ryan 30,Nightingale,NA,NA,1999,U,70.6,52.4,98.3,Known clutches,,,,,
Peter Ryan,Ryan 18,Nightingale,NA,NA,1999,U,70.3,53,100.1,Known clutches,,,,,
Peter Ryan,Ryan 51,Nightingale,NA,NA,1999,U,70.1,53.5,101.7,Harvested eggs,,,,,
Peter Ryan,Ryan 54,Nightingale,NA,NA,1999,U,70.3,53.3,101.3,Harvested eggs,,,,,
Peter Ryan,Ryan 21,Nightingale,NA,NA,1999,U,69.6,54.4,104.4,Known clutches,,,,,
Peter Ryan,Ryan 48,Nightingale,NA,NA,1999,U,70.1,53.8,102.9,Harvested eggs,,,,,
Peter Ryan,Ryan 44,Nightingale,NA,NA,1999,U,69.8,54.4,104.7,Harvested eggs,,,,,
Peter Ryan,Ryan 41,Nightingale,NA,NA,1999,U,69.4,55,106.4,Harvested eggs,,,,,
Peter Ryan,Ryan 45,Nightingale,NA,NA,1999,U,70,54.2,104.3,Harvested eggs,,,,,
Peter Ryan,Ryan 43,Nightingale,NA,NA,1999,U,69.7,54.7,105.7,Harvested eggs,,,,,
Peter Ryan,Ryan 24,Nightingale,NA,NA,1999,U,70.1,54.4,105.2,Known clutches,,,,,
Peter Ryan,Ryan 46,Nightingale,NA,NA,1999,U,70.6,53.8,103.6,Harvested eggs,,,,,
Peter Ryan,Ryan 39,Nightingale,NA,NA,1999,U,69.9,54.9,106.8,Harvested eggs,,,,,
Peter Ryan,Ryan 66,Nightingale,NA,NA,1999,U,71.7,52.3,99.4,Harvested eggs,,,,,
Peter Ryan,Ryan 38,Nightingale,NA,NA,1999,U,69.7,55.3,108.1,Harvested eggs,,,,,
Peter Ryan,Ryan 56,Nightingale,NA,NA,1999,U,71.4,52.8,100.9,Harvested eggs,,,,,
Peter Ryan,Ryan 47,Nightingale,NA,NA,1999,U,70.9,53.6,103.3,Harvested eggs,,,,,
Peter Ryan,Ryan 42,Nightingale,NA,NA,1999,U,70.3,54.6,106.3,Harvested eggs,,,,,
Peter Ryan,Ryan 30,Nightingale,NA,NA,1999,U,70.2,55.1,108.1,Known clutches,,,,,
Peter Ryan,Ryan 35,Nightingale,NA,NA,1999,U,70.1,55.6,109.9,Harvested eggs,,,,,
Peter Ryan,Ryan 4,Nightingale,NA,NA,1999,U,71.7,53.3,103.3,Known clutches,,,,,
Peter Ryan,Ryan 11,Nightingale,NA,NA,1999,U,71.8,53.4,103.8,Known clutches,,,,,
Peter Ryan,Ryan 10,Nightingale,NA,NA,1999,U,71.9,53.3,103.6,Known clutches,,,,,
Peter Ryan,Ryan 14,Nightingale,NA,NA,1999,U,70.4,55.6,110.3,Known clutches,,,,,
Peter Ryan,Ryan 1,Nightingale,NA,NA,1999,U,71.4,54.3,106.7,Known clutches,,,,,
Peter Ryan,Ryan 23,Nightingale,NA,NA,1999,U,72.5,52.7,102.1,Known clutches,,,,,
Peter Ryan,Ryan 36,Nightingale,NA,NA,1999,U,71,55,108.9,Harvested eggs,,,,,
Peter Ryan,Ryan 16,Nightingale,NA,NA,1999,U,72.6,53,103.4,Known clutches,,,,,
Peter Ryan,Ryan 40,Nightingale,NA,NA,1999,U,71.9,54.1,106.7,Harvested eggs,,,,,
Peter Ryan,Ryan 37,Nightingale,NA,NA,1999,U,73,54.2,108.7,Harvested eggs,,,,,
Peter Ryan,Ryan 34,Nightingale,NA,NA,1999,U,72.4,55.1,111.4,Harvested eggs,,,,,
Peter Ryan,Ryan 12,Nightingale,NA,NA,1999,U,72.9,55.5,113.8,Known clutches,,,,,
Peter Ryan,Ryan 33,Nightingale,NA,NA,1999,U,73.5,56.9,120.6,Harvested eggs,,,,,
Peter Ryan,Ryan 32,Nightingale,NA,NA,1999,U,72.5,58.6,126.2,Harvested eggs,,,,,
RSPB,RSPB 137,Alex,26,9,2014,A,50.5,44.7,51.2,,,,,,
RSPB,RSPB 6,Nightingale,23,9,2014,A,54.2,40.5,45.1,,,,,,
RSPB,RSPB 8,Nightingale,23,9,2014,A,57,42.4,52,,,,,,
RSPB,RSPB 73,Nightingale,25,9,2014,A,56.5,43.8,55,,,,,,
RSPB,RSPB 32,Nightingale,23,9,2014,A,55.5,45.6,58.5,,,,,,
RSPB,RSPB 171,Tristan,13,10,2014,A,56.4,44.3,56.1,,,,,,
RSPB,RSPB 239,Tristan,9,10,2014,A,57.5,43,53.9,,,,,,
RSPB,RSPB 225,Tristan,9,10,2014,A,56.4,45.5,59.2,,,,,,
RSPB,RSPB 18,Nightingale,23,9,2014,A,58.8,42.8,54.5,,,,,,
RSPB,RSPB 141,Alex,26,9,2014,A,57.2,45.4,59.8,,,,,,
RSPB,RSPB 179,Tristan,13,10,2014,A,57.4,45.6,60.5,,,,,,
RSPB,RSPB 101,Alex,26,9,2014,A,58.8,43.7,56.9,,,,,,
RSPB,RSPB 201,Tristan,13,10,2014,A,58.9,43.6,56.8,,,,,,
RSPB,RSPB 266,Tristan,9,10,2014,A,58,45,59.5,,,,,,
RSPB,RSPB 125,Alex,26,9,2014,A,58.4,44.7,59.2,,,,,,
RSPB,RSPB 103,Alex,26,9,2014,A,58.5,45,59.9,,,,,,
RSPB,RSPB 104,Alex,26,9,2014,A,58.7,44.8,59.7,,,,,,
RSPB,RSPB 74,Nightingale,25,9,2014,A,58.2,45.6,61.2,,,,,,
RSPB,RSPB 80,Nightingale,25,9,2014,A,57.9,46,62.1,,,,,,
RSPB,RSPB 19,Nightingale,23,9,2014,A,59.3,44.2,58.7,,,,,,
RSPB,RSPB 11,Nightingale,23,9,2014,A,57.3,47.2,64.7,,,,,,
RSPB,RSPB 12,Nightingale,23,9,2014,A,58.8,45,60.4,,,,,,
RSPB,RSPB 20,Nightingale,23,9,2014,A,58.8,45.1,60.5,,,,,,
RSPB,RSPB 231,Tristan,9,10,2014,A,58.5,45.6,61.7,,,,,,
RSPB,RSPB 131,Alex,26,9,2014,A,58.5,45.7,61.8,,,,,,
RSPB,RSPB 51,Nightingale,24,9,2014,A,58.6,45.6,61.8,,,,,,
RSPB,RSPB 30,Nightingale,23,9,2014,A,57.6,47.2,65.1,,,,,,
RSPB,RSPB 14,Nightingale,23,9,2014,A,58.8,45.5,61.6,,,,,,
RSPB,RSPB 254,Tristan,9,10,2014,A,59.8,44,58.7,,,,,,
RSPB,RSPB 136,Alex,26,9,2014,A,59,45.5,61.9,,,,,,
RSPB,RSPB 122,Alex,26,9,2014,A,57.7,47.9,67.1,,,,,,
RSPB,RSPB 96,Alex,26,9,2014,A,61.3,42.8,56.9,,,,,,
RSPB,RSPB 60,Nightingale,24,9,2014,A,59.1,46.3,64.2,,,,,,
RSPB,RSPB 199,Tristan,13,10,2014,A,59,46.5,64.7,,,,,,
RSPB,RSPB 249,Tristan,9,10,2014,A,60.7,44,59.6,,,,,,
RSPB,RSPB 53,Nightingale,24,9,2014,A,58.6,47.2,66,,,,,,
RSPB,RSPB 63,Nightingale,24,9,2014,A,59.6,45.9,63.6,,,,,,
RSPB,RSPB 235,Tristan,9,10,2014,A,59.6,46,63.9,,,,,,
RSPB,RSPB 54,Nightingale,24,9,2014,A,59.6,46.1,64.1,,,,,,
RSPB,RSPB 95,Alex,26,9,2014,A,62.1,42.5,56.9,,,,,,
RSPB,RSPB 233,Tristan,9,10,2014,A,60.2,45.4,62.9,,,,,,
RSPB,RSPB 93,Nightingale,25,9,2014,A,59.3,46.8,65.8,,,,,,
RSPB,RSPB 36,Nightingale,24,9,2014,A,59.7,46.3,64.7,,,,,,
RSPB,RSPB 161,Tristan,13,10,2014,A,58.8,47.7,67.8,,,,,,
RSPB,RSPB 40,Nightingale,24,9,2014,A,59.3,47,66.4,,,,,,
RSPB,RSPB 237,Tristan,9,10,2014,A,59.5,46.8,66.1,,,,,,
RSPB,RSPB 229,Tristan,9,10,2014,A,59.3,47.2,67,,,,,,
RSPB,RSPB 112,Alex,26,9,2014,A,59,47.8,68.3,,,,,,
RSPB,RSPB 258,Tristan,9,10,2014,A,58.7,48.3,69.4,,,,,,
RSPB,RSPB 245,Tristan,9,10,2014,A,58.6,48.5,69.9,,,,,,
RSPB,RSPB 28,Nightingale,23,9,2014,A,59.9,46.7,66.1,,,,,,
RSPB,RSPB 58,Nightingale,24,9,2014,A,60.1,46.5,65.9,,,,,,
RSPB,RSPB 264,Tristan,9,10,2014,A,59.7,47.5,68.3,,,,,,
RSPB,RSPB 180,Tristan,13,10,2014,A,60.5,46.5,66.3,,,,,,
RSPB,RSPB 227,Tristan,9,10,2014,A,60.5,46.5,66.3,,,,,,
RSPB,RSPB 1,Nightingale,23,9,2014,A,60,47.3,68.1,,,,,,
RSPB,RSPB 85,Nightingale,25,9,2014,A,60.8,46.3,66.1,,,,,,
RSPB,RSPB 110,Alex,26,9,2014,A,61.3,45.7,64.9,,,,,,
RSPB,RSPB 75,Nightingale,25,9,2014,A,60.3,47.3,68.3,,,,,,
RSPB,RSPB 3,Nightingale,23,9,2014,A,61.1,46.2,66.1,,,,,,
RSPB,RSPB 84,Nightingale,25,9,2014,A,60.1,47.9,69.9,,,,,,
RSPB,RSPB 69,Nightingale,24,9,2014,A,60.4,47.5,68.9,,,,,,
RSPB,RSPB 128,Alex,26,9,2014,A,61.2,46.4,66.8,,,,,,
RSPB,RSPB 163,Tristan,13,10,2014,A,61.9,45.4,64.7,,,,,,
RSPB,RSPB 144,Tristan,13,10,2014,A,61.8,45.8,65.7,,,,,,
RSPB,RSPB 206,Tristan,9,10,2014,A,60,48.6,71.9,,,,,,
RSPB,RSPB 47,Nightingale,24,9,2014,A,60.5,47.9,70.4,,,,,,
RSPB,RSPB 127,Alex,26,9,2014,A,61,47.2,68.9,,,,,,
RSPB,RSPB 165,Tristan,13,10,2014,A,60,48.7,72.1,,,,,,
RSPB,RSPB 222,Tristan,9,10,2014,A,60.7,47.8,70.3,,,,,,
RSPB,RSPB 90,Nightingale,25,9,2014,A,60.5,48.1,71,,,,,,
RSPB,RSPB 189,Tristan,13,10,2014,A,65.9,40.2,54,,,,,,
RSPB,RSPB 50,Nightingale,24,9,2014,A,60.4,48.5,72,,,,,,
RSPB,RSPB 79,Nightingale,25,9,2014,A,61.8,46.7,68.2,,,,,,
RSPB,RSPB 97,Alex,26,9,2014,A,61.5,47.3,69.8,,,,,,
RSPB,RSPB 210,Tristan,9,10,2014,A,60.7,48.5,72.4,,,,,,
RSPB,RSPB 153,Tristan,13,10,2014,A,61.8,47,69.2,,,,,,
RSPB,RSPB 39,Nightingale,24,9,2014,A,61.2,48,71.5,,,,,,
RSPB,RSPB 17,Nightingale,23,9,2014,A,62.2,46.6,68.5,,,,,,
RSPB,RSPB 16,Nightingale,23,9,2014,A,62.5,46.2,67.6,,,,,,
RSPB,RSPB 64,Nightingale,24,9,2014,A,62.5,46.2,67.6,,,,,,
RSPB,RSPB 87,Nightingale,25,9,2014,A,62.5,46.3,67.9,,,,,,
RSPB,RSPB 76,Nightingale,25,9,2014,A,60.8,48.9,73.7,,,,,,
RSPB,RSPB 9,Nightingale,23,9,2014,A,61.7,47.6,70.9,,,,,,
RSPB,RSPB 220,Tristan,9,10,2014,A,60.9,48.9,73.8,,,,,,
RSPB,RSPB 149,Tristan,13,10,2014,A,64.3,43.9,62.8,,,,,,
RSPB,RSPB 23,Nightingale,23,9,2014,A,63.4,45.3,66,,,,,,
RSPB,RSPB 92,Nightingale,25,9,2014,A,61.1,48.8,73.7,,,,,,
RSPB,RSPB 22,Nightingale,23,9,2014,A,61,49.2,74.9,,,,,,
RSPB,RSPB 35,Nightingale,24,9,2014,A,63,46.3,68.3,,,,,,
RSPB,RSPB 124,Alex,26,9,2014,A,61.3,48.9,74.2,,,,,,
RSPB,RSPB 82,Nightingale,25,9,2014,A,63.7,45.3,66.3,,,,,,
RSPB,RSPB 196,Tristan,13,10,2014,A,62.5,47.2,70.6,,,,,,
RSPB,RSPB 34,Nightingale,23,9,2014,A,63.2,46.2,68.4,,,,,,
RSPB,RSPB 98,Alex,26,9,2014,A,61,49.7,76.4,,,,,,
RSPB,RSPB 42,Nightingale,24,9,2014,A,62,48.3,73.3,,,,,,
RSPB,RSPB 77,Nightingale,25,9,2014,A,64.3,45,65.9,,,,,,
RSPB,RSPB 7,Nightingale,23,9,2014,A,63,46.9,70.3,,,,,,
RSPB,RSPB 177,Tristan,13,10,2014,A,62.4,47.8,72.3,,,,,,
RSPB,RSPB 105,Alex,26,9,2014,A,62.4,47.9,72.4,,,,,,
RSPB,RSPB 31,Nightingale,23,9,2014,A,64,45.5,67.2,,,,,,
RSPB,RSPB 46,Nightingale,24,9,2014,A,61.8,48.8,74.6,,,,,,
RSPB,RSPB 65,Nightingale,24,9,2014,A,62.6,47.9,72.8,,,,,,
RSPB,RSPB 262,Tristan,9,10,2014,A,64.1,45.7,67.9,,,,,,
RSPB,RSPB 142,Tristan,13,10,2014,A,62.1,48.7,74.7,,,,,,
RSPB,RSPB 132,Alex,26,9,2014,A,62.8,48,73.2,,,,,,
RSPB,RSPB 130,Alex,26,9,2014,A,62,49.2,75.9,,,,,,
RSPB,RSPB 151,Tristan,13,10,2014,A,63.2,47.4,72,,,,,,
RSPB,RSPB 33,Nightingale,23,9,2014,A,62,49.4,76.7,,,,,,
RSPB,RSPB 68,Nightingale,24,9,2014,A,63.6,47.2,71.7,,,,,,
RSPB,RSPB 120,Alex,26,9,2014,A,63.1,47.9,73.4,,,,,,
RSPB,RSPB 109,Alex,26,9,2014,A,61.3,50.6,79.6,,,,,,
RSPB,RSPB 108,Alex,26,9,2014,A,63.8,47.1,71.5,,,,,,
RSPB,RSPB 13,Nightingale,23,9,2014,A,63.4,47.8,73.4,,,,,,
RSPB,RSPB 88,Nightingale,25,9,2014,A,62.7,48.8,75.7,,,,,,
RSPB,RSPB 183,Tristan,13,10,2014,A,62.1,49.7,77.8,,,,,,
RSPB,RSPB 197,Tristan,13,10,2014,A,63.4,47.8,73.4,,,,,,
RSPB,RSPB 157,Tristan,13,10,2014,A,62.3,49.8,78.3,,,,,,
RSPB,RSPB 173,Tristan,13,10,2014,A,62.6,49.4,77.5,,,,,,
RSPB,RSPB 2,Nightingale,23,9,2014,A,62.3,49.9,78.6,,,,,,
RSPB,RSPB 251,Tristan,9,10,2014,A,64.1,47.3,72.7,,,,,,
RSPB,RSPB 107,Alex,26,9,2014,A,63.1,48.9,76.4,,,,,,
RSPB,RSPB 208,Tristan,9,10,2014,A,63,49,76.7,,,,,,
RSPB,RSPB 29,Nightingale,23,9,2014,A,62.2,50.3,79.6,,,,,,
RSPB,RSPB 24,Nightingale,23,9,2014,A,62.4,50.1,79.3,,,,,,
RSPB,RSPB 218,Tristan,9,10,2014,A,63.6,48.4,75.5,,,,,,
RSPB,RSPB 175,Tristan,13,10,2014,A,62.6,49.9,79,,,,,,
RSPB,RSPB 15,Nightingale,23,9,2014,A,62.9,49.6,78.4,,,,,,
RSPB,RSPB 37,Nightingale,24,9,2014,A,63.3,49,76.9,,,,,,
RSPB,RSPB 56,Nightingale,24,9,2014,A,63,49.5,78.3,,,,,,
RSPB,RSPB 247,Tristan,9,10,2014,A,65.3,46.3,71,,,,,,
RSPB,RSPB 4,Nightingale,23,9,2014,A,64.6,47.4,73.6,,,,,,
RSPB,RSPB 67,Nightingale,24,9,2014,A,63.7,48.9,77.2,,,,,,
RSPB,RSPB 26,Nightingale,23,9,2014,A,63.5,49.2,77.9,,,,,,
RSPB,RSPB 81,Nightingale,25,9,2014,A,64,48.7,77,,,,,,
RSPB,RSPB 129,Alex,26,9,2014,A,64.5,48,75.3,,,,,,
RSPB,RSPB 155,Tristan,13,10,2014,A,63.3,49.8,79.6,,,,,,
RSPB,RSPB 241,Tristan,9,10,2014,A,64.8,47.8,75.1,,,,,,
RSPB,RSPB 243,Tristan,9,10,2014,A,64.2,48.7,77.2,,,,,,
RSPB,RSPB 256,Tristan,9,10,2014,A,63.5,49.8,79.8,,,,,,
RSPB,RSPB 91,Nightingale,25,9,2014,A,65,47.8,75.3,,,,,,
RSPB,RSPB 187,Tristan,13,10,2014,A,64,49.7,80.1,,,,,,
RSPB,RSPB 212,Tristan,9,10,2014,A,66.8,45.6,70.4,,,,,,
RSPB,RSPB 5,Nightingale,23,9,2014,A,65.4,47.7,75.4,,,,,,
RSPB,RSPB 191,Tristan,13,10,2014,A,64.4,49.2,79,,,,,,
RSPB,RSPB 70,Nightingale,24,9,2014,A,66,47,73.8,,,,,,
RSPB,RSPB 159,Tristan,13,10,2014,A,64.5,49.2,79.2,,,,,,
RSPB,RSPB 99,Alex,26,9,2014,A,64.9,48.7,78,,,,,,
RSPB,RSPB 55,Nightingale,24,9,2014,A,64.8,48.8,78.2,,,,,,
RSPB,RSPB 106,Alex,26,9,2014,A,64,50.3,82.1,,,,,,
RSPB,RSPB 203,Tristan,9,10,2014,A,64.7,49.3,79.7,,,,,,
RSPB,RSPB 100,Alex,26,9,2014,A,64.7,49.4,79.9,,,,,,
RSPB,RSPB 66,Nightingale,24,9,2014,A,65.5,48.3,77.5,,,,,,
RSPB,RSPB 83,Nightingale,25,9,2014,A,63.9,50.7,83.3,,,,,,
RSPB,RSPB 10,Nightingale,23,9,2014,A,65.8,48,76.7,,,,,,
RSPB,RSPB 45,Nightingale,24,9,2014,A,64.8,50,81.9,,,,,,
RSPB,RSPB 147,Tristan,13,10,2014,A,67.7,45.8,72,,,,,,
RSPB,RSPB 25,Nightingale,23,9,2014,A,65.3,49.6,81.4,,,,,,
RSPB,RSPB 38,Nightingale,24,9,2014,A,65.5,49.4,80.9,,,,,,
RSPB,RSPB 72,Nightingale,25,9,2014,A,65.2,50.1,83,,,,,,
RSPB,RSPB 169,Tristan,13,10,2014,A,65.5,50.1,83.4,,,,,,
RSPB,RSPB 48,Nightingale,24,9,2014,A,65.6,50.1,83.3,,,,,,
RSPB,RSPB 185,Tristan,13,10,2014,A,66.4,48.9,80.5,,,,,,
RSPB,RSPB 41,Nightingale,24,9,2014,A,66.3,49.3,81.5,,,,,,
RSPB,RSPB 113,Alex,26,9,2014,A,65.6,50.3,84.1,,,,,,
RSPB,RSPB 193,Tristan,13,10,2014,A,65.5,50.8,85.7,,,,,,
RSPB,RSPB 44,Nightingale,24,9,2014,A,60.9,57.8,102.9,,,,,,
RSPB,RSPB 78,Nightingale,25,9,2014,A,68.4,46.7,75.6,,,,,,
RSPB,RSPB 27,Nightingale,23,9,2014,A,66.2,50,83.9,,,,,,
RSPB,RSPB 57,Nightingale,24,9,2014,A,65.9,50.5,85.2,,,,,,
RSPB,RSPB 49,Nightingale,24,9,2014,A,66.5,49.7,83.2,,,,,,
RSPB,RSPB 62,Nightingale,24,9,2014,A,67.3,48.6,80.4,,,,,,
RSPB,RSPB 123,Alex,26,9,2014,A,67.6,48.3,80,,,,,,
RSPB,RSPB 260,Tristan,9,10,2014,A,66.8,49.6,83.3,,,,,,
RSPB,RSPB 43,Nightingale,24,9,2014,A,66,52.3,91.5,,,,,,
RSPB,RSPB 215,Tristan,9,10,2014,A,67.6,50,85.7,,,,,,
RSPB,RSPB 167,Tristan,13,10,2014,A,68,49.8,85.5,,,,,,
RSPB,RSPB 71,Nightingale,24,9,2014,A,70.9,51.6,95.7,,,,,,
RSPB,RSPB 121,Alex,26,9,2014,B,57.3,43.3,54.5,,,,,,
RSPB,RSPB 73,Nightingale,25,9,2014,B,61,47.5,69.7,,,,,,
RSPB,RSPB 140,Alex,26,9,2014,B,65,41.6,57,,,,,,
RSPB,RSPB 135,Alex,26,9,2014,B,61.2,47.8,70.9,,,,,,
RSPB,RSPB 95,Alex,26,9,2014,B,65.6,47.5,75,,,,,,
RSPB,RSPB 141,Alex,26,9,2014,B,63.8,50.2,81.5,,,,,,
RSPB,RSPB 112,Alex,26,9,2014,B,64.2,49.7,80.3,,,,,,
RSPB,RSPB 18,Nightingale,23,9,2014,B,65,48.8,78.5,,,,,,
RSPB,RSPB 14,Nightingale,23,9,2014,B,64.7,50.2,82.7,,,,,,
RSPB,RSPB 6,Nightingale,23,9,2014,B,65.6,49.2,80.5,,,,,,
RSPB,RSPB 152,Tristan,13,10,2014,B,64.2,51.8,87.3,,,,,,
RSPB,RSPB 101,Alex,26,9,2014,B,65.8,49.7,82.3,,,,,,
RSPB,RSPB 82,Nightingale,25,9,2014,B,66.4,49,80.8,,,,,,
RSPB,RSPB 12,Nightingale,23,9,2014,B,65.3,51,86.1,,,,,,
RSPB,RSPB 104,Alex,26,9,2014,B,65.5,50.9,85.8,,,,,,
RSPB,RSPB 35,Nightingale,24,9,2014,B,66.9,49.3,82.4,,,,,,
RSPB,RSPB 74,Nightingale,25,9,2014,B,66,50.7,86,,,,,,
RSPB,RSPB 136,Alex,26,9,2014,B,65.6,51.5,88.1,,,,,,
RSPB,RSPB 232,Tristan,9,10,2014,B,65.6,51.5,88.2,,,,,,
RSPB,RSPB 58,Nightingale,24,9,2014,B,65.1,52.6,91.3,,,,,,
RSPB,RSPB 11,Nightingale,23,9,2014,B,65.7,51.8,89.4,,,,,,
RSPB,RSPB 60,Nightingale,24,9,2014,B,64.9,53.2,93.1,,,,,,
RSPB,RSPB 226,Tristan,9,10,2014,B,65.5,52.4,91.2,,,,,,
RSPB,RSPB 139,Alex,26,9,2014,B,65.5,52.5,91.5,,,,,,
RSPB,RSPB 53,Nightingale,24,9,2014,B,65,53.2,93.3,,,,,,
RSPB,RSPB 102,Alex,26,9,2014,B,68.9,47.7,79.4,,,,,,
RSPB,RSPB 96,Alex,26,9,2014,B,68.5,48.3,80.9,,,,,,
RSPB,RSPB 77,Nightingale,25,9,2014,B,73.9,40.4,61.2,,,,,,
RSPB,RSPB 54,Nightingale,24,9,2014,B,66.5,51.5,89.4,,,,,,
RSPB,RSPB 240,Tristan,9,10,2014,B,67.8,49.8,85.3,,,,,,
RSPB,RSPB 88,Nightingale,25,9,2014,B,66.9,51.3,89.2,,,,,,
RSPB,RSPB 19,Nightingale,23,9,2014,B,67.4,50.7,87.7,,,,,,
RSPB,RSPB 122,Alex,26,9,2014,B,65.9,52.9,93.5,,,,,,
RSPB,RSPB 8,Nightingale,23,9,2014,B,68.6,49.3,84.3,,,,,,
RSPB,RSPB 93,Nightingale,25,9,2014,B,65.8,53.6,95.7,,,,,,
RSPB,RSPB 32,Nightingale,23,9,2014,B,65.3,54.4,98,,,,,,
RSPB,RSPB 51,Nightingale,24,9,2014,B,66.5,52.7,93.6,,,,,,
RSPB,RSPB 64,Nightingale,24,9,2014,B,66.8,52.5,93.3,,,,,,
RSPB,RSPB 172,Tristan,13,10,2014,B,66.9,52.4,93.1,,,,,,
RSPB,RSPB 178,Tristan,13,10,2014,B,66.9,52.4,93.1,,,,,,
RSPB,RSPB 13,Nightingale,23,9,2014,B,65.9,53.9,97.1,,,,,,
RSPB,RSPB 124,Alex,26,9,2014,B,66.6,53,94.8,,,,,,
RSPB,RSPB 20,Nightingale,23,9,2014,B,67.3,52.4,93.6,,,,,,
RSPB,RSPB 28,Nightingale,23,9,2014,B,67.2,52.7,94.6,,,,,,
RSPB,RSPB 162,Tristan,13,10,2014,B,66.6,53.7,97.4,,,,,,
RSPB,RSPB 250,Tristan,9,10,2014,B,69.2,50,87.7,,,,,,
RSPB,RSPB 36,Nightingale,24,9,2014,B,67.4,52.9,95.6,,,,,,
RSPB,RSPB 3,Nightingale,23,9,2014,B,67.8,52.5,94.7,,,,,,
RSPB,RSPB 252,Tristan,9,10,2014,B,68.5,51.5,92.1,,,,,,
RSPB,RSPB 47,Nightingale,24,9,2014,B,67.9,52.5,94.8,,,,,,
RSPB,RSPB 244,Tristan,9,10,2014,B,67.6,53.2,97,,,,,,
RSPB,RSPB 107,Alex,26,9,2014,B,67.7,53.1,96.8,,,,,,
RSPB,RSPB 200,Tristan,13,10,2014,B,67.7,53.2,97.1,,,,,,
RSPB,RSPB 89,Nightingale,25,9,2014,B,69.1,51.3,92,,,,,,
RSPB,RSPB 80,Nightingale,25,9,2014,B,67.8,53.2,97.3,,,,,,
RSPB,RSPB 63,Nightingale,24,9,2014,B,68.2,52.7,96,,,,,,
RSPB,RSPB 164,Tristan,13,10,2014,B,69.1,51.4,92.6,,,,,,
RSPB,RSPB 230,Tristan,9,10,2014,B,67.8,53.4,98,,,,,,
RSPB,RSPB 30,Nightingale,23,9,2014,B,67.1,54.6,101.4,,,,,,
RSPB,RSPB 242,Tristan,9,10,2014,B,68,53.4,98.3,,,,,,
RSPB,RSPB 103,Alex,26,9,2014,B,70.3,50,89.1,,,,,,
RSPB,RSPB 228,Tristan,9,10,2014,B,68.7,52.4,95.6,,,,,,
RSPB,RSPB 97,Alex,26,9,2014,B,67.9,53.6,98.9,,,,,,
RSPB,RSPB 2,Nightingale,23,9,2014,B,67.4,54.4,100.9,,,,,,
RSPB,RSPB 211,Tristan,9,10,2014,B,67.6,54.1,100.3,,,,,,
RSPB,RSPB 10,Nightingale,23,9,2014,B,67.7,54.3,100.9,,,,,,
RSPB,RSPB 128,Alex,26,9,2014,B,68.8,52.6,96.3,,,,,,
RSPB,RSPB 166,Tristan,13,10,2014,B,68,53.9,100.2,,,,,,
RSPB,RSPB 50,Nightingale,24,9,2014,B,67.8,54.2,101,,,,,,
RSPB,RSPB 5,Nightingale,23,9,2014,B,68.3,53.6,99.2,,,,,,
RSPB,RSPB 181,Tristan,13,10,2014,B,68.3,53.5,99.1,,,,,,
RSPB,RSPB 46,Nightingale,24,9,2014,B,67.9,54.1,100.8,,,,,,
RSPB,RSPB 148,Tristan,13,10,2014,B,69.8,51.3,93.1,,,,,,
RSPB,RSPB 69,Nightingale,24,9,2014,B,67.9,54.2,101.1,,,,,,
RSPB,RSPB 92,Nightingale,25,9,2014,B,67.9,54.2,101.1,,,,,,
RSPB,RSPB 26,Nightingale,23,9,2014,B,68.3,53.7,99.8,,,,,,
RSPB,RSPB 79,Nightingale,25,9,2014,B,69,52.6,96.8,,,,,,
RSPB,RSPB 16,Nightingale,23,9,2014,B,68.5,53.6,99.8,,,,,,
RSPB,RSPB 223,Tristan,9,10,2014,B,68.4,53.8,100.4,,,,,,
RSPB,RSPB 1,Nightingale,23,9,2014,B,68.7,53.4,99.3,,,,,,
RSPB,RSPB 86,Nightingale,25,9,2014,B,70.6,50.7,91.8,,,,,,
RSPB,RSPB 236,Tristan,9,10,2014,B,69.2,52.7,97.4,,,,,,
RSPB,RSPB 105,Alex,26,9,2014,B,68.8,53.3,99.1,,,,,,
RSPB,RSPB 49,Nightingale,24,9,2014,B,69,53.1,98.5,,,,,,
RSPB,RSPB 160,Tristan,13,10,2014,B,68.4,54.1,101.5,,,,,,
RSPB,RSPB 213,Tristan,9,10,2014,B,70.1,51.6,94.6,,,,,,
RSPB,RSPB 133,Alex,26,9,2014,B,68.7,53.7,100.4,,,,,,
RSPB,RSPB 27,Nightingale,23,9,2014,B,68.5,54.1,101.6,,,,,,
RSPB,RSPB 238,Tristan,9,10,2014,B,69.4,52.8,98.1,,,,,,
RSPB,RSPB 265,Tristan,9,10,2014,B,68.5,54.3,102.4,,,,,,
RSPB,RSPB 4,Nightingale,23,9,2014,B,69.5,52.9,98.4,,,,,,
RSPB,RSPB 130,Alex,26,9,2014,B,67.9,55.3,105.3,,,,,,
RSPB,RSPB 52,Nightingale,24,9,2014,B,68.8,54,101.7,,,,,,
RSPB,RSPB 84,Nightingale,25,9,2014,B,68.8,54,101.7,,,,,,
RSPB,RSPB 29,Nightingale,23,9,2014,B,67.6,56,107.2,,,,,,
RSPB,RSPB 158,Tristan,13,10,2014,B,67.9,55.6,106.4,,,,,,
RSPB,RSPB 87,Nightingale,25,9,2014,B,70,52.5,97.8,,,,,,
RSPB,RSPB 125,Alex,26,9,2014,B,69.6,53.2,99.8,,,,,,
RSPB,RSPB 59,Nightingale,24,9,2014,B,68.7,54.7,104.2,,,,,,
RSPB,RSPB 24,Nightingale,23,9,2014,B,68.3,55.4,106.1,,,,,,
RSPB,RSPB 246,Tristan,9,10,2014,B,68.7,54.8,104.6,,,,,,
RSPB,RSPB 134,Alex,26,9,2014,B,70,52.9,99.3,,,,,,
RSPB,RSPB 108,Alex,26,9,2014,B,69.7,53.4,100.6,,,,,,
RSPB,RSPB 85,Nightingale,25,9,2014,B,69.7,53.5,101.1,,,,,,
RSPB,RSPB 176,Tristan,13,10,2014,B,69.5,53.8,102,,,,,,
RSPB,RSPB 119,Alex,26,9,2014,B,68.7,55,105.4,,,,,,
RSPB,RSPB 94,Alex,26,9,2014,B,69.7,53.6,101.5,,,,,,
RSPB,RSPB 174,Tristan,13,10,2014,B,69.3,54.2,103.2,,,,,,
RSPB,RSPB 39,Nightingale,24,9,2014,B,69.1,54.7,104.7,,,,,,
RSPB,RSPB 263,Tristan,9,10,2014,B,71.4,51.4,95.6,,,,,,
RSPB,RSPB 202,Tristan,13,10,2014,B,70.7,52.5,98.8,,,,,,
RSPB,RSPB 131,Alex,26,9,2014,B,70.3,53.1,100.5,,,,,,
RSPB,RSPB 17,Nightingale,23,9,2014,B,70.3,53.2,100.7,,,,,,
RSPB,RSPB 255,Tristan,9,10,2014,B,71.4,51.6,96.4,,,,,,
RSPB,RSPB 40,Nightingale,24,9,2014,B,70,53.7,102.3,,,,,,
RSPB,RSPB 91,Nightingale,25,9,2014,B,69.9,53.9,102.8,,,,,,
RSPB,RSPB 75,Nightingale,25,9,2014,B,70.4,53.3,101.2,,,,,,
RSPB,RSPB 150,Tristan,13,10,2014,B,72.6,50,92,,,,,,
RSPB,RSPB 21,Nightingale,23,9,2014,B,70,53.9,103.1,,,,,,
RSPB,RSPB 259,Tristan,9,10,2014,B,69.2,55.1,106.5,,,,,,
RSPB,RSPB 42,Nightingale,24,9,2014,B,70.6,53.1,100.9,,,,,,
RSPB,RSPB 65,Nightingale,24,9,2014,B,70,54,103.5,,,,,,
RSPB,RSPB 99,Alex,26,9,2014,B,69.8,54.4,104.5,,,,,,
RSPB,RSPB 184,Tristan,13,10,2014,B,68.9,55.7,108.4,,,,,,
RSPB,RSPB 248,Tristan,9,10,2014,B,71.1,52.5,99.4,,,,,,
RSPB,RSPB 83,Nightingale,25,9,2014,B,68.9,55.9,109.2,,,,,,
RSPB,RSPB 37,Nightingale,24,9,2014,B,69.5,55.1,106.9,,,,,,
RSPB,RSPB 109,Alex,26,9,2014,B,68.7,56.3,110.4,,,,,,
RSPB,RSPB 216,Tristan,9,10,2014,B,71,52.9,100.7,,,,,,
RSPB,RSPB 209,Tristan,9,10,2014,B,69.6,55,106.7,,,,,,
RSPB,RSPB 100,Alex,26,9,2014,B,70.3,54,103.9,,,,,,
RSPB,RSPB 70,Nightingale,24,9,2014,B,70.8,53.4,102.2,,,,,,
RSPB,RSPB 145,Tristan,13,10,2014,B,71.5,52.4,99.5,,,,,,
RSPB,RSPB 234,Tristan,9,10,2014,B,71.4,52.7,100.5,,,,,,
RSPB,RSPB 207,Tristan,9,10,2014,B,70.5,54.1,104.6,,,,,,
RSPB,RSPB 257,Tristan,9,10,2014,B,69.4,55.8,109.6,,,,,,
RSPB,RSPB 68,Nightingale,24,9,2014,B,70.9,53.7,103.5,,,,,,
RSPB,RSPB 111,Alex,26,9,2014,B,71.7,52.5,100.2,,,,,,
RSPB,RSPB 22,Nightingale,23,9,2014,B,70,55.1,107.6,,,,,,
RSPB,RSPB 25,Nightingale,23,9,2014,B,69.8,55.5,108.8,,,,,,
RSPB,RSPB 9,Nightingale,23,9,2014,B,71.3,53.4,103.1,,,,,,
RSPB,RSPB 182,Tristan,13,10,2014,B,70.7,54.3,105.7,,,,,,
RSPB,RSPB 267,Tristan,9,10,2014,B,71.1,53.8,104.3,,,,,,
RSPB,RSPB 98,Alex,26,9,2014,B,68.8,57.6,115.6,,,,,,
RSPB,RSPB 33,Nightingale,23,9,2014,B,70,55.9,110.8,,,,,,
RSPB,RSPB 120,Alex,26,9,2014,B,71.6,53.5,103.9,,,,,,
RSPB,RSPB 195,Tristan,13,10,2014,B,71.3,54,105.4,,,,,,
RSPB,RSPB 56,Nightingale,24,9,2014,B,70.9,54.7,107.4,,,,,,
RSPB,RSPB 67,Nightingale,24,9,2014,B,70.5,55.3,109.3,,,,,,
RSPB,RSPB 76,Nightingale,25,9,2014,B,70.2,55.9,111.2,,,,,,
RSPB,RSPB 186,Tristan,13,10,2014,B,71.7,53.7,104.8,,,,,,
RSPB,RSPB 15,Nightingale,23,9,2014,B,70.9,55,108.7,,,,,,
RSPB,RSPB 106,Alex,26,9,2014,B,70.7,55.6,110.7,,,,,,
RSPB,RSPB 123,Alex,26,9,2014,B,72,53.6,104.9,,,,,,
RSPB,RSPB 154,Tristan,13,10,2014,B,72.1,53.5,104.6,,,,,,
RSPB,RSPB 156,Tristan,13,10,2014,B,70.1,56.5,113.5,,,,,,
RSPB,RSPB 90,Nightingale,25,9,2014,B,72.2,53.6,105,,,,,,
RSPB,RSPB 110,Alex,26,9,2014,B,71.9,54,106.3,,,,,,
RSPB,RSPB 23,Nightingale,23,9,2014,B,73,52.6,102.4,,,,,,
RSPB,RSPB 221,Tristan,9,10,2014,B,71.8,54.5,108.1,,,,,,
RSPB,RSPB 204,Tristan,9,10,2014,B,71.1,55.6,111.4,,,,,,
RSPB,RSPB 34,Nightingale,23,9,2014,B,72.9,53,103.8,,,,,,
RSPB,RSPB 72,Nightingale,25,9,2014,B,70.4,56.8,115.2,,,,,,
RSPB,RSPB 41,Nightingale,24,9,2014,B,71.6,55.1,110.1,,,,,,
RSPB,RSPB 138,Alex,26,9,2014,B,72.1,54.4,108,,,,,,
RSPB,RSPB 31,Nightingale,23,9,2014,B,74.4,51.2,98.8,,,,,,
RSPB,RSPB 127,Alex,26,9,2014,B,72.6,54,107.3,,,,,,
RSPB,RSPB 62,Nightingale,24,9,2014,B,72.4,54.4,108.6,,,,,,
RSPB,RSPB 38,Nightingale,24,9,2014,B,71.5,55.8,112.7,,,,,,
RSPB,RSPB 81,Nightingale,25,9,2014,B,71.9,55.6,112.6,,,,,,
RSPB,RSPB 7,Nightingale,23,9,2014,B,74.2,52.2,102.3,,,,,,
RSPB,RSPB 219,Tristan,9,10,2014,B,72.7,54.5,109.5,,,,,,
RSPB,RSPB 44,Nightingale,24,9,2014,B,70.3,58.2,120.4,,,,,,
RSPB,RSPB 194,Tristan,13,10,2014,B,71.9,55.7,113.1,,,,,,
RSPB,RSPB 43,Nightingale,24,9,2014,B,71.2,57,117.1,,,,,,
RSPB,RSPB 66,Nightingale,24,9,2014,B,73.8,53.3,106.1,,,,,,
RSPB,RSPB 126,Alex,26,9,2014,B,73.2,54.3,109.4,,,,,,
RSPB,RSPB 129,Alex,26,9,2014,B,72.5,55.6,113.4,,,,,,
RSPB,RSPB 113,Alex,26,9,2014,B,73.2,54.6,110.6,,,,,,
RSPB,RSPB 48,Nightingale,24,9,2014,B,72.7,55.5,113.5,,,,,,
RSPB,RSPB 57,Nightingale,24,9,2014,B,72.6,55.7,114,,,,,,
RSPB,RSPB 170,Tristan,13,10,2014,B,72.4,56.1,115.5,,,,,,
RSPB,RSPB 78,Nightingale,25,9,2014,B,75.6,51.7,102.4,,,,,,
RSPB,RSPB 55,Nightingale,24,9,2014,B,73.9,54.4,110.6,,,,,,
RSPB,RSPB 190,Tristan,13,10,2014,B,73.2,56.3,117.6,,,,,,
RSPB,RSPB 143,Tristan,13,10,2014,B,73.9,55.5,115.4,,,,,,
RSPB,RSPB 45,Nightingale,24,9,2014,B,73.5,56.1,117.3,,,,,,
RSPB,RSPB 192,Tristan,13,10,2014,B,74.4,55.7,117,,,,,,
RSPB,RSPB 168,Tristan,13,10,2014,B,75.1,54.7,113.9,,,,,,
RSPB,RSPB 188,Tristan,13,10,2014,B,75.7,54.9,115.7,,,,,,
RSPB,RSPB 198,Tristan,13,10,2014,B,74.5,56.8,121.9,,,,,,
RSPB,RSPB 137,Alex,26,9,2014,B,76.5,55.6,119.9,,,,,,
RSPB,RSPB 261,Tristan,9,10,2014,B,76,56.4,122.6,,,,,,
RSPB,RSPB 71,Nightingale,24,9,2014,B,76.5,55.8,120.8,,,,,,
RSPB,RSPB 61,Nightingale,24,9,2014,B,77.9,56.3,125.1,,,,,,
RSPB,RSPB 132,Alex,26,9,2014,B,86.5,58.3,148.8,,,,,,
RSPB,RSPB 253,Tristan,9,10,2014,U,66.6,49.8,83.7,,,,,,
RSPB,RSPB 214,Tristan,9,10,2014,U,69.6,52.2,96.2,,,,,,
RSPB,RSPB 217,Tristan,9,10,2014,U,71.5,54.7,108.5,,,,,,
RSPB,RSPB 146,Tristan,13,10,2014,U,72.3,55.7,113.7,,,,,,
RSPB,RSPB 224,Tristan,9,10,2014,U,75,53.6,109.2,,,,,,
RSPB,RSPB 205,Tristan,9,10,2014,U,73.6,57.1,121.7,,,,,,
UCT-RSPB,Gough 86,Gough,10,9,2013,A,56.3,46.9,62.8,,,,,,
UCT-RSPB,Gough 71,Gough,10,9,2013,A,57.6,47.3,65.3,,,,,,
UCT-RSPB,Gough 48,Gough,10,9,2013,A,58.8,46.7,65,,,,,,
UCT-RSPB,Gough 37,Gough,10,9,2013,A,58.3,48.3,69,,,,,,
UCT-RSPB,Gough 73,Gough,10,9,2013,A,58.6,47.9,68.2,,,,,,
UCT-RSPB,Gough 85,Gough,10,9,2013,A,60.4,45.6,63.7,,,,,,
UCT-RSPB,Gough 99,Gough,10,9,2013,A,59.8,46.5,65.6,,,,,,
UCT-RSPB,Gough 77,Gough,10,9,2013,A,58.9,48.2,69.4,,,,,,
UCT-RSPB,Gough 68,Gough,10,9,2013,A,59.9,47,67.1,,,,,,
UCT-RSPB,Gough 12,Gough,10,9,2013,A,61.2,45.1,63.1,,,,,,
UCT-RSPB,Gough 97,Gough,10,9,2013,A,59.4,47.8,68.8,,,,,,
UCT-RSPB,Gough 82,Gough,10,9,2013,A,60,47.2,67.8,,,,,,
UCT-RSPB,Gough 5,Gough,10,9,2013,A,60.4,47.1,67.9,,,,,,
UCT-RSPB,Gough 70,Gough,10,9,2013,A,62.1,44.6,62.6,,,,,,
UCT-RSPB,Gough 65,Gough,10,9,2013,A,60.5,47.1,68,,,,,,
UCT-RSPB,Gough 61,Gough,10,9,2013,A,60,47.9,69.8,,,,,,
UCT-RSPB,Gough 91,Gough,10,9,2013,A,61.1,46.6,67.3,,,,,,
UCT-RSPB,Gough 24,Gough,10,9,2013,A,60.7,47.3,68.9,,,,,,
UCT-RSPB,Gough 81,Gough,10,9,2013,A,60.6,47.6,69.6,,,,,,
UCT-RSPB,Gough 72,Gough,10,9,2013,A,61.6,46.4,67.2,,,,,,
UCT-RSPB,Gough 83,Gough,10,9,2013,A,60.2,48.5,71.8,,,,,,
UCT-RSPB,Gough 51,Gough,10,9,2013,A,63.6,43.8,61.9,,,,,,
UCT-RSPB,Gough 35,Gough,10,9,2013,A,61.3,47.5,70.1,,,,,,
UCT-RSPB,Gough 33,Gough,10,9,2013,A,60.5,48.9,73.3,,,,,,
UCT-RSPB,Gough 84,Gough,10,9,2013,A,60.5,48.9,73.3,,,,,,
UCT-RSPB,Gough 10,Gough,10,9,2013,A,61,48.5,72.7,,,,,,
UCT-RSPB,Gough 13,Gough,10,9,2013,A,61.7,48,72.1,,,,,,
UCT-RSPB,Gough 98,Gough,10,9,2013,A,62.5,47,70,,,,,,
UCT-RSPB,Gough 32,Gough,10,9,2013,A,61.1,49.1,74.7,,,,,,
UCT-RSPB,Gough 30,Gough,10,9,2013,A,61.6,49,75,,,,,,
UCT-RSPB,Gough 57,Gough,10,9,2013,A,64.1,45.6,67.6,,,,,,
UCT-RSPB,Gough 47,Gough,10,9,2013,A,62.4,48.2,73.5,,,,,,
UCT-RSPB,Gough 8,Gough,10,9,2013,A,62.2,48.5,74.2,,,,,,
UCT-RSPB,Gough 44,Gough,10,9,2013,A,61.2,50,77.6,,,,,,
UCT-RSPB,Gough 14,Gough,10,9,2013,A,62.5,48.1,73.3,,,,,,
UCT-RSPB,Gough 3,Gough,10,9,2013,A,62.7,48.1,73.5,,,,,,
UCT-RSPB,Gough 76,Gough,10,9,2013,A,62,49.2,76.1,,,,,,
UCT-RSPB,Gough 45,Gough,10,9,2013,A,62.3,49.1,76.1,,,,,,
UCT-RSPB,Gough 42,Gough,10,9,2013,A,61.7,50.2,78.8,,,,,,
UCT-RSPB,Gough 17,Gough,10,9,2013,A,62.2,49.5,77.3,,,,,,
UCT-RSPB,Gough 93,Gough,10,9,2013,A,63.4,47.8,73.4,,,,,,
UCT-RSPB,Gough 16,Gough,10,9,2013,A,61.6,50.5,79.6,,,,,,
UCT-RSPB,Gough 74,Gough,10,9,2013,A,62.7,48.9,76,,,,,,
UCT-RSPB,Gough 40,Gough,10,9,2013,A,63.4,48,74.1,,,,,,
UCT-RSPB,Gough 100,Gough,10,9,2013,A,63,48.6,75.4,,,,,,
UCT-RSPB,Gough 60,Gough,10,9,2013,A,61.8,50.4,79.6,,,,,,
UCT-RSPB,Gough 39,Gough,10,9,2013,A,61.9,50.8,81,,,,,,
UCT-RSPB,Gough 92,Gough,10,9,2013,A,63.9,47.9,74.3,,,,,,
UCT-RSPB,Gough 28,Gough,10,9,2013,A,62.9,49.4,77.8,,,,,,
UCT-RSPB,Gough 80,Gough,10,9,2013,A,62.5,50.3,80.2,,,,,,
UCT-RSPB,Gough 52,Gough,10,9,2013,A,63,49.8,79.2,,,,,,
UCT-RSPB,Gough 89,Gough,10,9,2013,A,64.4,47.8,74.6,,,,,,
UCT-RSPB,Gough 46,Gough,10,9,2013,A,63.4,49.5,78.8,,,,,,
UCT-RSPB,Gough 62,Gough,10,9,2013,A,64,48.9,77.6,,,,,,
UCT-RSPB,Gough 66,Gough,10,9,2013,A,63.7,49.4,78.8,,,,,,
UCT-RSPB,Gough 1,Gough,10,9,2013,A,64.2,48.7,77.2,,,,,,
UCT-RSPB,Gough 22,Gough,10,9,2013,A,63.2,50.2,80.7,,,,,,
UCT-RSPB,Gough 88,Gough,10,9,2013,A,64.6,48.2,76.1,,,,,,
UCT-RSPB,Gough 18,Gough,10,9,2013,A,63.6,49.7,79.6,,,,,,
UCT-RSPB,Gough 6,Gough,10,9,2013,A,63.5,50,80.5,,,,,,
UCT-RSPB,Gough 54,Gough,10,9,2013,A,64.1,49.7,80.3,,,,,,
UCT-RSPB,Gough 31,Gough,10,9,2013,A,64.8,49,78.9,,,,,,
UCT-RSPB,Gough 38,Gough,10,9,2013,A,65.1,48.8,78.6,,,,,,
UCT-RSPB,Gough 43,Gough,10,9,2013,A,64.8,50,82.1,,,,,,
UCT-RSPB,Gough 41,Gough,10,9,2013,A,65.8,49.1,80.4,,,,,,
UCT-RSPB,Gough 75,Gough,10,9,2013,A,64.8,50.6,84.1,,,,,,
UCT-RSPB,Gough 23,Gough,10,9,2013,A,67.5,47.2,76.2,,,,,,
UCT-RSPB,Gough 25,Gough,10,9,2013,A,66.2,49.3,81.6,,,,,,
UCT-RSPB,Gough 19,Gough,10,9,2013,A,65,51.2,86.4,,,,,,
UCT-RSPB,Gough 78,Gough,10,9,2013,A,65,51.6,87.7,,,,,,
UCT-RSPB,Gough 69,Gough,10,9,2013,A,65.4,51.1,86.6,,,,,,
UCT-RSPB,Gough 50,Gough,10,9,2013,A,67.5,48.6,80.8,,,,,,
UCT-RSPB,Gough 9,Gough,10,9,2013,A,65.5,51.6,88.4,,,,,,
UCT-RSPB,Gough 56,Gough,10,9,2013,A,66.7,50,84.5,,,,,,
UCT-RSPB,Gough 20,Gough,10,9,2013,A,65.9,51.5,88.6,,,,,,
UCT-RSPB,Gough 94,Gough,10,9,2013,A,69.8,47,78.2,,,,,,
UCT-RSPB,Gough 15,Gough,10,9,2013,A,67.6,50.9,88.8,,,,,,
UCT-RSPB,Gough 58,Gough,10,9,2013,A,67.3,52.5,94,,,,,,
UCT-RSPB,Gough 26,Gough,10,9,2013,A,69.9,49,85.1,,,,,,
UCT-RSPB,Gough 87,Gough,10,9,2013,A,67,53.9,98.7,,,,,,
UCT-RSPB,Gough 27,Gough,10,9,2013,A,69.7,52.2,96.3,,,,,,
UCT-RSPB,Gough 49,Gough,10,9,2013,A,70.6,51,93.1,,,,,,
UCT-RSPB,Gough 21,Gough,10,9,2013,A,67,56.5,108.4,,,,,,
UCT-RSPB,Gough 64,Gough,10,9,2013,A,69.9,53.1,99.9,,,,,,
UCT-RSPB,Gough 67,Gough,10,9,2013,A,68.7,54.9,105,,,,,,
UCT-RSPB,Gough 90,Gough,10,9,2013,A,70.8,52.4,98.6,,,,,,
UCT-RSPB,Gough 36,Gough,10,9,2013,A,71.6,51.4,95.9,,,,,,
UCT-RSPB,Gough 96,Gough,10,9,2013,A,69.8,54.1,103.6,,,,,,
UCT-RSPB,Gough 59,Gough,10,9,2013,A,70.6,54.3,105.5,,,,,,
UCT-RSPB,Gough 55,Gough,10,9,2013,A,70.1,55.9,111.1,,,,,,
UCT-RSPB,Gough 63,Gough,10,9,2013,A,70.7,56.4,114,,,,,,
UCT-RSPB,Gough 11,Gough,10,9,2013,A,72.1,54.9,110.2,,,,,,
UCT-RSPB,Gough 4,Gough,10,9,2013,A,71.6,55.8,113,,,,,,
UCT-RSPB,Gough 29,Gough,10,9,2013,A,72.6,54.7,110.1,,,,,,
UCT-RSPB,Gough 53,Gough,10,9,2013,A,71.7,56.5,116,,,,,,
UCT-RSPB,Gough 2,Gough,10,9,2013,A,71.2,58.3,122.7,,,,,,
UCT-RSPB,Gough 95,Gough,10,9,2013,A,73.6,55.5,114.9,,,,,,
UCT-RSPB,Gough 34,Gough,10,9,2013,A,72.2,58.8,126.6,,,,,,
UCT-RSPB,Gough 79,Gough,10,9,2013,A,73.8,57.5,123.7,,,,,,
UCT-RSPB,Gough 7,Gough,10,9,2013,A,73.2,58.8,128.3,,,,,,
UCT-RSPB,Gough 7,Gough,10,9,2013,B,65.4,51.4,87.6,,,,,,
UCT-RSPB,Gough 80,Gough,10,9,2013,B,65.5,53.1,93.6,,,,,,
UCT-RSPB,Gough 48,Gough,10,9,2013,B,66.1,52.5,92.4,,,,,,
UCT-RSPB,Gough 100,Gough,10,9,2013,B,66.3,52.6,93,,,,,,
UCT-RSPB,Gough 37,Gough,10,9,2013,B,66.4,52.9,94.2,,,,,,
UCT-RSPB,Gough 73,Gough,10,9,2013,B,66.8,52.6,93.7,,,,,,
UCT-RSPB,Gough 84,Gough,10,9,2013,B,66.4,54.5,100,,,,,,
UCT-RSPB,Gough 40,Gough,10,9,2013,B,68.6,51.6,92.6,,,,,,
UCT-RSPB,Gough 12,Gough,10,9,2013,B,69,51.7,93.5,,,,,,
UCT-RSPB,Gough 35,Gough,10,9,2013,B,68,53.5,98.7,,,,,,
UCT-RSPB,Gough 3,Gough,10,9,2013,B,68.4,53,97.4,,,,,,
UCT-RSPB,Gough 46,Gough,10,9,2013,B,67,55.3,103.9,,,,,,
UCT-RSPB,Gough 83,Gough,10,9,2013,B,66.4,56.4,107.1,,,,,,
UCT-RSPB,Gough 26,Gough,10,9,2013,B,69.2,52.4,96.3,,,,,,
UCT-RSPB,Gough 91,Gough,10,9,2013,B,69,53.1,98.6,,,,,,
UCT-RSPB,Gough 97,Gough,10,9,2013,B,68.4,54.4,102.6,,,,,,
UCT-RSPB,Gough 71,Gough,10,9,2013,B,68.4,54.5,103,,,,,,
UCT-RSPB,Gough 70,Gough,10,9,2013,B,69.9,52.6,98.1,,,,,,
UCT-RSPB,Gough 14,Gough,10,9,2013,B,68.6,54.6,103.7,,,,,,
UCT-RSPB,Gough 94,Gough,10,9,2013,B,69.1,54,102.2,,,,,,
UCT-RSPB,Gough 77,Gough,10,9,2013,B,68.8,54.6,104,,,,,,
UCT-RSPB,Gough 43,Gough,10,9,2013,B,69.2,54.1,102.7,,,,,,
UCT-RSPB,Gough 65,Gough,10,9,2013,B,69.9,53.9,103,,,,,,
UCT-RSPB,Gough 86,Gough,10,9,2013,B,68.8,55.6,107.8,,,,,,
UCT-RSPB,Gough 81,Gough,10,9,2013,B,69.6,54.6,105.2,,,,,,
UCT-RSPB,Gough 34,Gough,10,9,2013,B,69.9,54.5,105.3,,,,,,
UCT-RSPB,Gough 61,Gough,10,9,2013,B,69.6,55.2,107.5,,,,,,
UCT-RSPB,Gough 56,Gough,10,9,2013,B,69.8,55,107.1,,,,,,
UCT-RSPB,Gough 93,Gough,10,9,2013,B,70.3,54.4,105.5,,,,,,
UCT-RSPB,Gough 8,Gough,10,9,2013,B,71.2,53.4,102.9,,,,,,
UCT-RSPB,Gough 82,Gough,10,9,2013,B,70.2,54.9,107.3,,,,,,
UCT-RSPB,Gough 6,Gough,10,9,2013,B,70,55.2,108.1,,,,,,
UCT-RSPB,Gough 10,Gough,10,9,2013,B,70.1,55.2,108.3,,,,,,
UCT-RSPB,Gough 60,Gough,10,9,2013,B,69.1,56.8,113,,,,,,
UCT-RSPB,Gough 98,Gough,10,9,2013,B,70.4,55.1,108.4,,,,,,
UCT-RSPB,Gough 74,Gough,10,9,2013,B,70.2,55.5,109.6,,,,,,
UCT-RSPB,Gough 75,Gough,10,9,2013,B,70,55.9,110.9,,,,,,
UCT-RSPB,Gough 88,Gough,10,9,2013,B,71.1,54.3,106.3,,,,,,
UCT-RSPB,Gough 76,Gough,10,9,2013,B,70.1,55.8,110.7,,,,,,
UCT-RSPB,Gough 16,Gough,10,9,2013,B,70.1,55.9,111.1,,,,,,
UCT-RSPB,Gough 24,Gough,10,9,2013,B,71.1,54.9,108.6,,,,,,
UCT-RSPB,Gough 41,Gough,10,9,2013,B,70.2,56.4,113.2,,,,,,
UCT-RSPB,Gough 23,Gough,10,9,2013,B,72.1,53.9,106.2,,,,,,
UCT-RSPB,Gough 52,Gough,10,9,2013,B,71.5,55.4,111.3,,,,,,
UCT-RSPB,Gough 13,Gough,10,9,2013,B,71.2,56.1,113.6,,,,,,
UCT-RSPB,Gough 9,Gough,10,9,2013,B,71,56.7,115.7,,,,,,
UCT-RSPB,Gough 5,Gough,10,9,2013,B,72.7,54.2,108.3,,,,,,
UCT-RSPB,Gough 33,Gough,10,9,2013,B,71.5,56,113.7,,,,,,
UCT-RSPB,Gough 44,Gough,10,9,2013,B,71,56.8,116.1,,,,,,
UCT-RSPB,Gough 62,Gough,10,9,2013,B,72.3,54.9,110.5,,,,,,
UCT-RSPB,Gough 66,Gough,10,9,2013,B,72.2,55.6,113.2,,,,,,
UCT-RSPB,Gough 17,Gough,10,9,2013,B,72.6,55.1,111.8,,,,,,
UCT-RSPB,Gough 89,Gough,10,9,2013,B,73.6,53.8,108,,,,,,
UCT-RSPB,Gough 39,Gough,10,9,2013,B,71.5,57.1,118.2,,,,,,
UCT-RSPB,Gough 19,Gough,10,9,2013,B,70.9,58,120.9,,,,,,
UCT-RSPB,Gough 38,Gough,10,9,2013,B,72,56.5,116.5,,,,,,
UCT-RSPB,Gough 42,Gough,10,9,2013,B,71.6,57.2,118.8,,,,,,
UCT-RSPB,Gough 32,Gough,10,9,2013,B,72.2,56.4,116.4,,,,,,
UCT-RSPB,Gough 59,Gough,10,9,2013,B,72,56.9,118.2,,,,,,
UCT-RSPB,Gough 28,Gough,10,9,2013,B,72.9,55.8,115.1,,,,,,
UCT-RSPB,Gough 1,Gough,10,9,2013,B,74.4,53.9,109.6,,,,,,
UCT-RSPB,Gough 18,Gough,10,9,2013,B,73.4,56.1,117.1,,,,,,
UCT-RSPB,Gough 22,Gough,10,9,2013,B,73.4,56.4,118.4,,,,,,
UCT-RSPB,Gough 31,Gough,10,9,2013,B,74.3,55.2,114.8,,,,,,
UCT-RSPB,Gough 78,Gough,10,9,2013,B,73.9,56.4,119.2,,,,,,
UCT-RSPB,Gough 92,Gough,10,9,2013,B,74.2,56.1,118.4,,,,,,
UCT-RSPB,Gough 20,Gough,10,9,2013,B,74.6,56.4,120.3,,,,,,
UCT-RSPB,Gough 15,Gough,10,9,2013,B,75.8,57.1,125.3,,,,,,
UCT-RSPB,Gough 49,Gough,10,9,2013,B,76.3,56.8,124.8,,,,,,
UCT-RSPB,Gough 64,Gough,10,9,2013,B,71.6,65,153.4,,,,,,
UCT-RSPB,Gough 157,Gough,20,10,2014,A,58.3,45.3,60.7,,,,,,
UCT-RSPB,Gough 130,Gough,20,10,2014,A,57.4,47,64.3,,,,,,
UCT-RSPB,Gough 117,Gough,20,10,2014,A,59.1,47.4,67.3,,,,,,
UCT-RSPB,Gough 197,Gough,20,10,2014,A,60.3,46.5,66.1,,,,,,
UCT-RSPB,Gough 155,Gough,20,10,2014,A,59.2,48.9,71.8,,,,,,
UCT-RSPB,Gough 160,Gough,20,10,2014,A,60.9,46.6,67,,,,,,
UCT-RSPB,Gough 156,Gough,20,10,2014,A,62.3,44.8,63.4,,,,,,
UCT-RSPB,Gough 174,Gough,20,10,2014,A,61.1,48.2,72,,,,,,
UCT-RSPB,Gough 128,Gough,20,10,2014,A,61.9,47.2,69.9,,,,,,
UCT-RSPB,Gough 103,Gough,20,10,2014,A,63.3,45.4,66.1,,,,,,
UCT-RSPB,Gough 145,Gough,20,10,2014,A,62.7,47.1,70.5,,,,,,
UCT-RSPB,Gough 109,Gough,20,10,2014,A,62,48.7,74.6,,,,,,
UCT-RSPB,Gough 180,Gough,20,10,2014,A,63.5,46.6,69.9,,,,,,
UCT-RSPB,Gough 167,Gough,20,10,2014,A,62.2,48.7,74.8,,,,,,
UCT-RSPB,Gough 183,Gough,20,10,2014,A,62.2,48.7,74.8,,,,,,
UCT-RSPB,Gough 150,Gough,20,10,2014,A,62.1,49,75.6,,,,,,
UCT-RSPB,Gough 177,Gough,20,10,2014,A,63.5,47.3,72,,,,,,
UCT-RSPB,Gough 149,Gough,20,10,2014,A,63.1,48.1,74,,,,,,
UCT-RSPB,Gough 124,Gough,20,10,2014,A,62.8,49,76.4,,,,,,
UCT-RSPB,Gough 139,Gough,20,10,2014,A,61.8,50.8,80.9,,,,,,
UCT-RSPB,Gough 191,Gough,20,10,2014,A,64.3,47.2,72.6,,,,,,
UCT-RSPB,Gough 105,Gough,20,10,2014,A,63.5,48.6,76,,,,,,
UCT-RSPB,Gough 113,Gough,20,10,2014,A,63.3,48.9,76.7,,,,,,
UCT-RSPB,Gough 172,Gough,20,10,2014,A,62.7,49.9,79.2,,,,,,
UCT-RSPB,Gough 131,Gough,20,10,2014,A,62.9,49.7,78.8,,,,,,
UCT-RSPB,Gough 144,Gough,20,10,2014,A,61.1,52.6,85.7,,,,,,
UCT-RSPB,Gough 141,Gough,20,10,2014,A,63.1,49.9,79.7,,,,,,
UCT-RSPB,Gough 187,Gough,20,10,2014,A,64,48.8,77.3,,,,,,
UCT-RSPB,Gough 133,Gough,20,10,2014,A,63.9,49,77.8,,,,,,
UCT-RSPB,Gough 162,Gough,20,10,2014,A,63.7,49.4,78.8,,,,,,
UCT-RSPB,Gough 116,Gough,20,10,2014,A,61.9,52.1,85.2,,,,,,
UCT-RSPB,Gough 176,Gough,20,10,2014,A,64,49.2,78.5,,,,,,
UCT-RSPB,Gough 107,Gough,20,10,2014,A,63.5,50,80.5,,,,,,
UCT-RSPB,Gough 123,Gough,20,10,2014,A,62.9,50.9,82.6,,,,,,
UCT-RSPB,Gough 195,Gough,20,10,2014,A,64.7,48.4,76.8,,,,,,
UCT-RSPB,Gough 184,Gough,20,10,2014,A,63.6,50.3,81.6,,,,,,
UCT-RSPB,Gough 199,Gough,20,10,2014,A,64.3,49.6,80.2,,,,,,
UCT-RSPB,Gough 137,Gough,20,10,2014,A,65.6,48,76.6,,,,,,
UCT-RSPB,Gough 136,Gough,20,10,2014,A,65.3,48.8,78.8,,,,,,
UCT-RSPB,Gough 112,Gough,20,10,2014,A,65.8,48.7,79.1,,,,,,
UCT-RSPB,Gough 192,Gough,20,10,2014,A,65,50.3,83.4,,,,,,
UCT-RSPB,Gough 194,Gough,20,10,2014,A,64.3,51.9,87.8,,,,,,
UCT-RSPB,Gough 146,Gough,20,10,2014,A,65,51,85.7,,,,,,
UCT-RSPB,Gough 134,Gough,20,10,2014,A,65.3,50.8,85.4,,,,,,
UCT-RSPB,Gough 171,Gough,20,10,2014,A,66.2,49.6,82.6,,,,,,
UCT-RSPB,Gough 186,Gough,20,10,2014,A,65.4,50.9,85.9,,,,,,
UCT-RSPB,Gough 153,Gough,20,10,2014,A,66.5,49.5,82.6,,,,,,
UCT-RSPB,Gough 120,Gough,20,10,2014,A,66.4,50.2,84.8,,,,,,
UCT-RSPB,Gough 188,Gough,20,10,2014,A,66.9,49.9,84.5,,,,,,
UCT-RSPB,Gough 148,Gough,20,10,2014,A,66.3,51,87.4,,,,,,
UCT-RSPB,Gough 115,Gough,20,10,2014,A,66.4,50.9,87.2,,,,,,
UCT-RSPB,Gough 104,Gough,20,10,2014,A,66.5,51,87.7,,,,,,
UCT-RSPB,Gough 147,Gough,20,10,2014,A,65.7,52.3,91.1,,,,,,
UCT-RSPB,Gough 106,Gough,20,10,2014,A,66.4,52,91,,,,,,
UCT-RSPB,Gough 166,Gough,20,10,2014,A,67.2,50.9,88.3,,,,,,
UCT-RSPB,Gough 198,Gough,20,10,2014,A,67.3,50.8,88.1,,,,,,
UCT-RSPB,Gough 142,Gough,20,10,2014,A,66.8,51.7,90.5,,,,,,
UCT-RSPB,Gough 185,Gough,20,10,2014,A,67,51.6,90.4,,,,,,
UCT-RSPB,Gough 132,Gough,20,10,2014,A,68.6,49.3,84.5,,,,,,
UCT-RSPB,Gough 178,Gough,20,10,2014,A,67.3,52.1,92.6,,,,,,
UCT-RSPB,Gough 111,Gough,20,10,2014,A,67.4,52,92.4,,,,,,
UCT-RSPB,Gough 163,Gough,20,10,2014,A,69.9,48.7,84.1,,,,,,
UCT-RSPB,Gough 138,Gough,20,10,2014,A,68.5,51.2,91,,,,,,
UCT-RSPB,Gough 168,Gough,20,10,2014,A,65.9,55.5,102.9,,,,,,
UCT-RSPB,Gough 193,Gough,20,10,2014,A,69.3,50.9,91,,,,,,
UCT-RSPB,Gough 114,Gough,20,10,2014,A,70.3,50.6,91.3,,,,,,
UCT-RSPB,Gough 135,Gough,20,10,2014,A,69.9,53.3,100.7,,,,,,
UCT-RSPB,Gough 180,Gough,20,10,2014,B,66.3,50.9,87.1,,,,,,
UCT-RSPB,Gough 136,Gough,20,10,2014,B,65.7,52.4,91.5,,,,,,
UCT-RSPB,Gough 155,Gough,20,10,2014,B,65.2,53.6,95,,,,,,
UCT-RSPB,Gough 152,Gough,20,10,2014,B,67.3,51.5,90.5,,,,,,
UCT-RSPB,Gough 128,Gough,20,10,2014,B,67,52.8,94.7,,,,,,
UCT-RSPB,Gough 122,Gough,20,10,2014,B,66.9,53.2,96,,,,,,
UCT-RSPB,Gough 164,Gough,20,10,2014,B,66.2,54.4,99.3,,,,,,
UCT-RSPB,Gough 144,Gough,20,10,2014,B,65.9,54.9,100.7,,,,,,
UCT-RSPB,Gough 157,Gough,20,10,2014,B,68,52.7,95.7,,,,,,
UCT-RSPB,Gough 103,Gough,20,10,2014,B,69,51.4,92.4,,,,,,
UCT-RSPB,Gough 126,Gough,20,10,2014,B,68.7,51.9,93.8,,,,,,
UCT-RSPB,Gough 130,Gough,20,10,2014,B,67.2,54.3,100.5,,,,,,
UCT-RSPB,Gough 156,Gough,20,10,2014,B,69.6,50.9,91.4,,,,,,
UCT-RSPB,Gough 101,Gough,20,10,2014,B,68.4,52.9,97,,,,,,
UCT-RSPB,Gough 161,Gough,20,10,2014,B,68.3,53.2,98,,,,,,
UCT-RSPB,Gough 107,Gough,20,10,2014,B,68.1,54,100.7,,,,,,
UCT-RSPB,Gough 150,Gough,20,10,2014,B,67.9,54.3,101.5,,,,,,
UCT-RSPB,Gough 162,Gough,20,10,2014,B,67.9,54.8,103.4,,,,,,
UCT-RSPB,Gough 170,Gough,20,10,2014,B,68.5,54.4,102.8,,,,,,
UCT-RSPB,Gough 160,Gough,20,10,2014,B,69.3,53.5,100.6,,,,,,
UCT-RSPB,Gough 118,Gough,20,10,2014,B,69.2,53.8,101.5,,,,,,
UCT-RSPB,Gough 182,Gough,20,10,2014,B,69.6,53.3,100.2,,,,,,
UCT-RSPB,Gough 117,Gough,20,10,2014,B,68.9,54.5,103.8,,,,,,
UCT-RSPB,Gough 119,Gough,20,10,2014,B,68.9,54.6,104.1,,,,,,
UCT-RSPB,Gough 169,Gough,20,10,2014,B,69.1,54.4,103.7,,,,,,
UCT-RSPB,Gough 113,Gough,20,10,2014,B,69.6,53.8,102.1,,,,,,
UCT-RSPB,Gough 183,Gough,20,10,2014,B,69,54.7,104.7,,,,,,
UCT-RSPB,Gough 140,Gough,20,10,2014,B,68.9,54.9,105.3,,,,,,
UCT-RSPB,Gough 141,Gough,20,10,2014,B,68.9,54.9,105.3,,,,,,
UCT-RSPB,Gough 175,Gough,20,10,2014,B,68.9,54.9,105.3,,,,,,
UCT-RSPB,Gough 127,Gough,20,10,2014,B,71.9,50.5,93,,,,,,
UCT-RSPB,Gough 165,Gough,20,10,2014,B,70.3,53,100.1,,,,,,
UCT-RSPB,Gough 133,Gough,20,10,2014,B,70,53.7,102.3,,,,,,
UCT-RSPB,Gough 149,Gough,20,10,2014,B,70,53.9,103.1,,,,,,
UCT-RSPB,Gough 154,Gough,20,10,2014,B,70.8,53.9,104.3,,,,,,
UCT-RSPB,Gough 174,Gough,20,10,2014,B,70.2,54.8,106.9,,,,,,
UCT-RSPB,Gough 186,Gough,20,10,2014,B,69.3,56.2,111,,,,,,
UCT-RSPB,Gough 108,Gough,20,10,2014,B,72,52.3,99.8,,,,,,
UCT-RSPB,Gough 192,Gough,20,10,2014,B,69.9,55.5,109.2,,,,,,
UCT-RSPB,Gough 191,Gough,20,10,2014,B,71.9,53,102.4,,,,,,
UCT-RSPB,Gough 124,Gough,20,10,2014,B,70.2,55.7,110.4,,,,,,
UCT-RSPB,Gough 172,Gough,20,10,2014,B,70.5,55.3,109.3,,,,,,
UCT-RSPB,Gough 189,Gough,20,10,2014,B,71.4,54,105.6,,,,,,
UCT-RSPB,Gough 196,Gough,20,10,2014,B,71.6,54,105.9,,,,,,
UCT-RSPB,Gough 195,Gough,20,10,2014,B,70.6,55.5,110.3,,,,,,
UCT-RSPB,Gough 158,Gough,20,10,2014,B,71.5,54.2,106.5,,,,,,
UCT-RSPB,Gough 179,Gough,20,10,2014,B,72,53.7,105.3,,,,,,
UCT-RSPB,Gough 187,Gough,20,10,2014,B,71.1,55.1,109.4,,,,,,
UCT-RSPB,Gough 151,Gough,20,10,2014,B,69.7,57.2,115.6,,,,,,
UCT-RSPB,Gough 105,Gough,20,10,2014,B,71.5,54.9,109.3,,,,,,
UCT-RSPB,Gough 109,Gough,20,10,2014,B,71.4,55.3,110.7,,,,,,
UCT-RSPB,Gough 112,Gough,20,10,2014,B,72,54.5,108.4,,,,,,
UCT-RSPB,Gough 167,Gough,20,10,2014,B,72.4,54.5,109,,,,,,
UCT-RSPB,Gough 184,Gough,20,10,2014,B,70.5,57.5,118.2,,,,,,
UCT-RSPB,Gough 110,Gough,20,10,2014,B,72.2,55.2,111.5,,,,,,
UCT-RSPB,Gough 199,Gough,20,10,2014,B,71.7,56,114,,,,,,
UCT-RSPB,Gough 106,Gough,20,10,2014,B,71,57.2,117.8,,,,,,
UCT-RSPB,Gough 116,Gough,20,10,2014,B,70.5,58.1,120.7,,,,,,
UCT-RSPB,Gough 135,Gough,20,10,2014,B,72,56.2,115.3,,,,,,
UCT-RSPB,Gough 177,Gough,20,10,2014,B,72.9,55,111.8,,,,,,
UCT-RSPB,Gough 194,Gough,20,10,2014,B,71.4,57.4,119.3,,,,,,
UCT-RSPB,Gough 176,Gough,20,10,2014,B,72.4,56.1,115.5,,,,,,
UCT-RSPB,Gough 121,Gough,20,10,2014,B,71.6,57.3,119.2,,,,,,
UCT-RSPB,Gough 131,Gough,20,10,2014,B,71.9,57,118.4,,,,,,
UCT-RSPB,Gough 171,Gough,20,10,2014,B,71.8,57.6,120.8,,,,,,
UCT-RSPB,Gough 120,Gough,20,10,2014,B,72.8,56.4,117.4,,,,,,
UCT-RSPB,Gough 134,Gough,20,10,2014,B,71.4,58.7,124.7,,,,,,
UCT-RSPB,Gough 190,Gough,20,10,2014,B,73.3,55.9,116.1,,,,,,
UCT-RSPB,Gough 139,Gough,20,10,2014,B,71.6,58.5,124.2,,,,,,
UCT-RSPB,Gough 168,Gough,20,10,2014,B,73.9,55.2,114.2,,,,,,
UCT-RSPB,Gough 123,Gough,20,10,2014,B,72.3,57.8,122.5,,,,,,
UCT-RSPB,Gough 153,Gough,20,10,2014,B,73.4,56.5,118.8,,,,,,
UCT-RSPB,Gough 147,Gough,20,10,2014,B,72.9,57.5,122.2,,,,,,
UCT-RSPB,Gough 193,Gough,20,10,2014,B,74.7,55,114.6,,,,,,
UCT-RSPB,Gough 142,Gough,20,10,2014,B,73,57.6,122.8,,,,,,
UCT-RSPB,Gough 178,Gough,20,10,2014,B,73.7,56.6,119.7,,,,,,
UCT-RSPB,Gough 188,Gough,20,10,2014,B,73.6,56.9,120.8,,,,,,
UCT-RSPB,Gough 138,Gough,20,10,2014,B,73.9,56.6,120,,,,,,
UCT-RSPB,Gough 104,Gough,20,10,2014,B,73.2,57.9,124.4,,,,,,
UCT-RSPB,Gough 185,Gough,20,10,2014,B,74.3,56.6,120.7,,,,,,
UCT-RSPB,Gough 143,Gough,20,10,2014,B,74.4,56.5,120.4,,,,,,
UCT-RSPB,Gough 146,Gough,20,10,2014,B,74.3,56.7,121.1,,,,,,
UCT-RSPB,Gough 198,Gough,20,10,2014,B,74,57.2,122.8,,,,,,
UCT-RSPB,Gough 166,Gough,20,10,2014,B,74.9,55.9,118.7,,,,,,
UCT-RSPB,Gough 132,Gough,20,10,2014,B,75.4,55.4,117.3,,,,,,
UCT-RSPB,Gough 148,Gough,20,10,2014,B,74.9,56.3,120.4,,,,,,
UCT-RSPB,Gough 111,Gough,20,10,2014,B,74.4,57.1,123,,,,,,
UCT-RSPB,Gough 181,Gough,20,10,2014,B,74.7,56.9,122.6,,,,,,
UCT-RSPB,Gough 173,Gough,20,10,2014,B,73.7,59.3,131.4,,,,,,
UCT-RSPB,Gough 115,Gough,20,10,2014,B,75.5,57.4,126.1,,,,,,
UCT-RSPB,Gough 114,Gough,20,10,2014,B,76.3,57.8,129.2,,,,,,
WFVZ,178203,Tristan,NA,1,1888,U,66.7,53.3,95.9,measured by Ren Corado,,,,,
Williams 1980,Williams 17,Gough,NA,NA,1979,A,56.1,50.8,73.4,Simulated from mean  SD,,,,,
Williams 1980,Williams 7,Gough,NA,NA,1979,A,57.8,49.1,70.7,Simulated from mean  SD,,,,,
Williams 1980,Williams 6,Gough,NA,NA,1979,A,59.3,49.6,73.9,Simulated from mean  SD,,,,,
Williams 1980,Williams 1,Gough,NA,NA,1979,A,58.8,50.6,76.3,Simulated from mean  SD,,,,,
Williams 1980,Williams 28,Gough,NA,NA,1979,A,59.9,49.4,74.2,Simulated from mean  SD,,,,,
Williams 1980,Williams 25,Gough,NA,NA,1979,A,60.8,49.2,74.8,Simulated from mean  SD,,,,,
Williams 1980,Williams 3,Gough,NA,NA,1979,A,60.3,50.4,77.6,Simulated from mean  SD,,,,,
Williams 1980,Williams 19,Gough,NA,NA,1979,A,61.9,48.2,73,Simulated from mean  SD,,,,,
Williams 1980,Williams 29,Gough,NA,NA,1979,A,62.4,48.7,74.9,Simulated from mean  SD,,,,,
Williams 1980,Williams 30,Gough,NA,NA,1979,A,64,46.7,70.8,Simulated from mean  SD,,,,,
Williams 1980,Williams 18,Gough,NA,NA,1979,A,62.3,50.1,79.2,Simulated from mean  SD,,,,,
Williams 1980,Williams 13,Gough,NA,NA,1979,A,61.9,51.4,82.9,Simulated from mean  SD,,,,,
Williams 1980,Williams 21,Gough,NA,NA,1979,A,62.7,52.4,87.1,Simulated from mean  SD,,,,,
Williams 1980,Williams 2,Gough,NA,NA,1979,A,64.7,49.3,79.8,Simulated from mean  SD,,,,,
Williams 1980,Williams 8,Gough,NA,NA,1979,A,65.1,48.9,78.9,Simulated from mean  SD,,,,,
Williams 1980,Williams 20,Gough,NA,NA,1979,A,65.1,49.9,82.1,Simulated from mean  SD,,,,,
Williams 1980,Williams 4,Gough,NA,NA,1979,A,65.1,50.4,83.9,Simulated from mean  SD,,,,,
Williams 1980,Williams 23,Gough,NA,NA,1979,A,65.9,49.7,82.6,Simulated from mean  SD,,,,,
Williams 1980,Williams 24,Gough,NA,NA,1979,A,66,49.8,83,Simulated from mean  SD,,,,,
Williams 1980,Williams 14,Gough,NA,NA,1979,A,68.9,46.1,74.1,Simulated from mean  SD,,,,,
Williams 1980,Williams 5,Gough,NA,NA,1979,A,67.8,48.6,81.2,Simulated from mean  SD,,,,,
Williams 1980,Williams 26,Gough,NA,NA,1979,A,66.9,50.4,86.1,Simulated from mean  SD,,,,,
Williams 1980,Williams 12,Gough,NA,NA,1979,A,67.8,49.4,83.8,Simulated from mean  SD,,,,,
Williams 1980,Williams 27,Gough,NA,NA,1979,A,70.3,46.8,78.1,Simulated from mean  SD,,,,,
Williams 1980,Williams 15,Gough,NA,NA,1979,A,69.4,48.8,83.7,Simulated from mean  SD,,,,,
Williams 1980,Williams 22,Gough,NA,NA,1979,A,69.2,49.3,85.3,Simulated from mean  SD,,,,,
Williams 1980,Williams 9,Gough,NA,NA,1979,A,72.2,46.4,79,Simulated from mean  SD,,,,,
Williams 1980,Williams 16,Gough,NA,NA,1979,A,70.5,50.8,92.4,Simulated from mean  SD,,,,,
Williams 1980,Williams 10,Gough,NA,NA,1979,A,71.1,51.7,96.4,Simulated from mean  SD,,,,,
Williams 1980,Williams 11,Gough,NA,NA,1979,A,74.8,51,98.4,Simulated from mean  SD,,,,,
Williams 1980,Williams 10,Gough,NA,NA,1979,B,70.7,52.7,99.8,Simulated from mean  SD,,,,,
Williams 1980,Williams 22,Gough,NA,NA,1979,B,69.2,56.4,111.6,Simulated from mean  SD,,,,,
Williams 1980,Williams 21,Gough,NA,NA,1979,B,69.8,55.6,109.5,Simulated from mean  SD,,,,,
Williams 1980,Williams 27,Gough,NA,NA,1979,B,70.9,54.7,107.5,Simulated from mean  SD,,,,,
Williams 1980,Williams 20,Gough,NA,NA,1979,B,72.1,53.6,104.8,Simulated from mean  SD,,,,,
Williams 1980,Williams 14,Gough,NA,NA,1979,B,71.9,54,106.3,Simulated from mean  SD,,,,,
Williams 1980,Williams 23,Gough,NA,NA,1979,B,70.5,56.3,113.2,Simulated from mean  SD,,,,,
Williams 1980,Williams 25,Gough,NA,NA,1979,B,72.8,53.2,104.5,Simulated from mean  SD,,,,,
Williams 1980,Williams 12,Gough,NA,NA,1979,B,71.1,55.7,112,Simulated from mean  SD,,,,,
Williams 1980,Williams 7,Gough,NA,NA,1979,B,73,53.3,105.3,Simulated from mean  SD,,,,,
Williams 1980,Williams 1,Gough,NA,NA,1979,B,71.5,55.7,112.5,Simulated from mean  SD,,,,,
Williams 1980,Williams 19,Gough,NA,NA,1979,B,73.6,53.8,108,Simulated from mean  SD,,,,,
Williams 1980,Williams 5,Gough,NA,NA,1979,B,72.2,56,114.8,Simulated from mean  SD,,,,,
Williams 1980,Williams 8,Gough,NA,NA,1979,B,72.7,55.6,114.1,Simulated from mean  SD,,,,,
Williams 1980,Williams 13,Gough,NA,NA,1979,B,73.5,54.7,111.5,Simulated from mean  SD,,,,,
Williams 1980,Williams 11,Gough,NA,NA,1979,B,72.7,56.1,116.1,Simulated from mean  SD,,,,,
Williams 1980,Williams 29,Gough,NA,NA,1979,B,73.8,54.7,111.9,Simulated from mean  SD,,,,,
Williams 1980,Williams 17,Gough,NA,NA,1979,B,72.8,56.7,118.6,Simulated from mean  SD,,,,,
Williams 1980,Williams 6,Gough,NA,NA,1979,B,73.1,56.2,117.1,Simulated from mean  SD,,,,,
Williams 1980,Williams 15,Gough,NA,NA,1979,B,72.8,57.2,120.9,Simulated from mean  SD,,,,,
Williams 1980,Williams 28,Gough,NA,NA,1979,B,73.3,56.6,118.8,Simulated from mean  SD,,,,,
Williams 1980,Williams 3,Gough,NA,NA,1979,B,75.1,53.8,110.3,Simulated from mean  SD,,,,,
Williams 1980,Williams 9,Gough,NA,NA,1979,B,73.4,56.6,119.3,Simulated from mean  SD,,,,,
Williams 1980,Williams 18,Gough,NA,NA,1979,B,73.2,57,120.5,Simulated from mean  SD,,,,,
Williams 1980,Williams 16,Gough,NA,NA,1979,B,75.2,54.4,112.9,Simulated from mean  SD,,,,,
Williams 1980,Williams 30,Gough,NA,NA,1979,B,75,55.2,115.9,Simulated from mean  SD,,,,,
Williams 1980,Williams 2,Gough,NA,NA,1979,B,75.4,55,115.7,Simulated from mean  SD,,,,,
Williams 1980,Williams 26,Gough,NA,NA,1979,B,73.8,58.6,128.5,Simulated from mean  SD,,,,,
Williams 1980,Williams 24,Gough,NA,NA,1979,B,76.3,57.1,126.2,Simulated from mean  SD,,,,,
Williams 1980,Williams 4,Gough,NA,NA,1979,B,78.2,55,120.1,Simulated from mean  SD,,,,,
ZMUO,Hagen 399,Nightingale,NA,NA,1938,U,40.3,33.2,22.5,measured by Jan Lifjeld,,,,,
ZMUO,Hagen 398,Nightingale,NA,NA,1938,U,42.4,36.1,28,measured by Jan Lifjeld,,,,,
ZMUO,Hagen 397,Nightingale,NA,NA,1938,U,47.7,39.8,38.3,measured by Jan Lifjeld,,,,,
ZMUO,Hagen 396,Nightingale,NA,NA,1938,U,53.7,43.6,51.8,measured by Jan Lifjeld,,,,,
ZMUO,Hagen 395,Nightingale,NA,NA,1938,U,56.3,41.4,48.9,measured by Jan Lifjeld,,,,,
ZMUO,Hagen 393,Nightingale,NA,NA,1938,U,58.2,45,59.8,"smallest egg with embryo""; measured by Jan Lifjeld""""smallest egg with embryo""; measured by Jan Lifjeld""""mallest egg with embryo"";""""a""",,,,,
ZMUO,Hagen 394,Nightingale,NA,NA,1938,U,61,44.2,60.4,measured by Jan Lifjeld,,,,,
ZMUO,Hagen 391,Nightingale,NA,NA,1938,U,61.7,47.8,71.5,measured by Jan Lifjeld,,,,,
ZMUO,Hagen 392,Nightingale,NA,NA,1938,U,61.4,49,74.7,measured by Jan Lifjeld,,,,,
ZMUO,Hagen 390,Nightingale,NA,NA,1938,U,62,49.4,76.7,measured by Jan Lifjeld,,,,,
ZMUO,Hagen 387,Nightingale,NA,NA,1938,U,61,52.9,86.5,measured by Jan Lifjeld,,,,,
ZMUO,Hagen 388,Nightingale,NA,NA,1938,U,64.5,51.3,86.1,measured by Jan Lifjeld,,,,,
ZMUO,Hagen 389,Nightingale,NA,NA,1938,U,65.7,50.8,86,measured by Jan Lifjeld,,,,,
ZMUO,Hagen 386,Nightingale,NA,NA,1938,U,65.2,52.4,90.8,measured by Jan Lifjeld,,,,,
ZMUO,Hagen 378,Tristan,NA,NA,1938,U,66.4,51.9,90.7,"clean, taken as fresh in the actual egg-time""; measured by Jan Lifjeld""""lean"," ""taken as fresh in the actual egg-time""; measured by Jan """"ean"," ""taken as fresh in the actual egg-time""; measured b""""an"," ""taken as fresh in the actual egg-time""; measu""""n"," ""taken as fresh in the actual egg-time""; m"""""," ""taken as fresh in the actual egg-time"""""" ""taken as fresh in the actual egg-tim""""""taken as fresh in the actual egg-ti""""taken as fresh in the actual egg-ti"""
ZMUO,Hagen 382,Nightingale,NA,NA,1938,U,65.2,53.7,95.3,measured by Jan Lifjeld,,,,,
ZMUO,Hagen 384,Nightingale,NA,NA,1938,U,65.9,52.8,93.1,measured by Jan Lifjeld,,,,,
ZMUO,Hagen 383,Nightingale,NA,NA,1938,U,67.2,51.9,91.8,measured by Jan Lifjeld,,,,,
ZMUO,Hagen 385,Nightingale,NA,NA,1938,U,66.2,53.5,96.1,measured by Jan Lifjeld,,,,,
ZMUO,Hagen 377,Tristan,NA,NA,1938,U,67.3,53.2,96.6,"clean, taken as fresh in the actual egg-time""; measured by Jan Lifjeld""""lean"," ""taken as fresh in the actual egg-time""; measured by Jan """"ean"," ""taken as fresh in the actual egg-time""; measured b""""an"," ""taken as fresh in the actual egg-time""; measu""""n"," ""taken as fresh in the actual egg-time""; m"""""," ""taken as fresh in the actual egg-time"""""" ""taken as fresh in the actual egg-tim""""""taken as fresh in the actual egg-ti""""taken as fresh in the actual egg-ti"""
ZMUO,Hagen 380,Nightingale,NA,NA,1938,U,69.6,55.4,108.3,measured by Jan Lifjeld,,,,,
ZMUO,Hagen 381,Nightingale,NA,NA,1938,U,72.6,51,95.7,measured by Jan Lifjeld,,,,,
ZMUO,Hagen 379,Nightingale,NA,NA,1938,U,69.5,56.5,112.5,measured by Jan Lifjeld,,,,,
